relative_path,source_path,role,sha256,size_bytes
01_FINAL_CODE/build_delivery.py,Main results/01_FINAL_CODE/build_delivery.py,final_code_or_configuration,39d9f0579a6aefc9f1bf7512011ef3767e17a3d314c97be393f5e065d94fe82f,36944
01_FINAL_CODE/check_delivery.py,Main results/01_FINAL_CODE/check_delivery.py,final_code_or_configuration,fc999aa556c35c55d649a851336a0126e0816037e949d765347f2d98359d0a2f,11577
01_FINAL_CODE/config.json,Main results/01_FINAL_CODE/config.json,final_code_or_configuration,685ed8441da94228704574e7f90e009aed682bf111a1297d121b140fc2b13e75,929
01_FINAL_CODE/legacy_reference/analysis.py,Main results/01_FINAL_CODE/legacy_reference/analysis.py,historical_baseline_used_for_reconciliation,59a3b85ebe6ef465f3f1e3c09104ef4ff8b059a36f46a7a4bc33e93ad3b6b25f,7951
01_FINAL_CODE/legacy_reference/engine.py,Main results/01_FINAL_CODE/legacy_reference/engine.py,historical_baseline_used_for_reconciliation,bbd57b3c30fa88613e7326d72f64158acd06773fa43276ee43d94e61e4c24c78,2129
01_FINAL_CODE/legacy_reference/make_figs.py,Main results/01_FINAL_CODE/legacy_reference/make_figs.py,historical_baseline_used_for_reconciliation,a01d6c9f5eb5acd9d88cdd26124ad472e93222962f31f8c523a6662fa1de2330,2822
01_FINAL_CODE/legacy_reference/make_tables.py,Main results/01_FINAL_CODE/legacy_reference/make_tables.py,historical_baseline_used_for_reconciliation,d806971c4f515c43e6c4a59727feb92514ee698264ee94cdcf45654b3ec0f683,22009
01_FINAL_CODE/repack_lossless.py,Main results/01_FINAL_CODE/repack_lossless.py,final_code_or_configuration,c07d21b8d65a068038ddac7939e93f797d18684621279b0875bdfe74235ebb7f,11524
01_FINAL_CODE/repair/__init__.py,Main results/01_FINAL_CODE/repair/__init__.py,final_code_or_configuration,4657ce7ef186320856fd205010efc8ae2afcb4446b6ffe42439b9fb2cd192bf0,82
01_FINAL_CODE/repair/backtests.py,Main results/01_FINAL_CODE/repair/backtests.py,final_code_or_configuration,ce1e83d1076055f464008d204d81de58d18780ed39843b33a3212e0eee0199f3,10296
01_FINAL_CODE/repair/common.py,Main results/01_FINAL_CODE/repair/common.py,final_code_or_configuration,38a317e22a3779fef0820479202b60fd430bebbafe63cd7683b91674f91bd9eb,2366
01_FINAL_CODE/repair/data_audit.py,Main results/01_FINAL_CODE/repair/data_audit.py,final_code_or_configuration,cad049756d384322b7ea7b4309f8a60330665af9afe7b3e85f41adf607108c83,9612
01_FINAL_CODE/repair/delivery_docs.py,Main results/01_FINAL_CODE/repair/delivery_docs.py,final_code_or_configuration,24525c663f3fae6534d3207d82599e4628dbff2393869c36003cb54ca189ce6f,35360
01_FINAL_CODE/repair/inference.py,Main results/01_FINAL_CODE/repair/inference.py,final_code_or_configuration,64a04ace486b68af7652620e7bbd78efcd3be7ef89f8f1168177b42690c28d23,15721
01_FINAL_CODE/repair/ledger.py,Main results/01_FINAL_CODE/repair/ledger.py,final_code_or_configuration,67c73797dd533a1fa90155b2f8396a48cdeb6652527135842ec5084c1cc79dbc,4957
01_FINAL_CODE/repair/legacy_provenance.py,Main results/01_FINAL_CODE/repair/legacy_provenance.py,final_code_or_configuration,ce48c7452da6d9bc0f2c07916296793a7a7b2f6b4d08f19f7f82625787282a48,6382
01_FINAL_CODE/repair/legacy_table_hashes.json,Main results/01_FINAL_CODE/repair/legacy_table_hashes.json,final_code_or_configuration,8f0fed9d7cddab175f2b792640bb486deb33e714e3f607f0a4d407eb87e8e97c,1346
01_FINAL_CODE/repair/presentation.py,Main results/01_FINAL_CODE/repair/presentation.py,final_code_or_configuration,a0793fc4adfc416d91fcb8af8f8721da7c25335cdd29eea50d1efc29795fe108,10299
01_FINAL_CODE/repair/reporting.py,Main results/01_FINAL_CODE/repair/reporting.py,final_code_or_configuration,f6ceca7dd0ec235d0c23312364865e9564e8e6f432d62375bb3185f2e1a15086,5406
01_FINAL_CODE/repair/table_templates.json,Main results/01_FINAL_CODE/repair/table_templates.json,final_code_or_configuration,642e7b9826b077a1629737aea8792fdcb53caefa32e211d4fbcf1100122c3c25,20545
01_FINAL_CODE/requirements.lock.txt,Main results/01_FINAL_CODE/requirements.lock.txt,final_code_or_configuration,124f1c136da397226f2679ed4876d989a19ce36fd1c7d3df1d682ddbcee7f7df,836
01_FINAL_CODE/requirements.txt,Main results/01_FINAL_CODE/requirements.txt,final_code_or_configuration,a7b43d3417736ab14f3151f9d64575c4af6595575b75db84888a56c27ab28f50,200
01_FINAL_CODE/run_instructions.md,Main results/01_FINAL_CODE/run_instructions.md,final_code_or_configuration,36f0a3f382f8f495e4f564dfae08a8387a96fc10c86abdcdff5f4389045b024f,3782
01_FINAL_CODE/run_reproduction.py,Main results/01_FINAL_CODE/run_reproduction.py,final_code_or_configuration,b34acfb7170bc3fe4e3401349ff05325add72eaf137d68952e6dfd7d04d8ff58,4303
07_VALIDATION_AND_TESTS/unit_tests/test_acceptance.py,Main results/07_VALIDATION_AND_TESTS/unit_tests/test_acceptance.py,final_unit_or_acceptance_test,b5e7ea11ee8747aea9ed708198a8e7f69366f43df6d3e9fe7cdd051cb46703f4,7025
07_VALIDATION_AND_TESTS/unit_tests/test_inference.py,Main results/07_VALIDATION_AND_TESTS/unit_tests/test_inference.py,final_unit_or_acceptance_test,1feb6d832669e71856e34ddab7dc61ac59901a4cd5b71023b6759001bc80bf4e,3288
07_VALIDATION_AND_TESTS/unit_tests/test_ledger.py,Main results/07_VALIDATION_AND_TESTS/unit_tests/test_ledger.py,final_unit_or_acceptance_test,f8a2e3af01516c6daa1547dd16e2eb4bcadc6f6d089b45be0f81e8eb8198e876,4466
reference/data_source_scripts/backtest.py,DATA_SOURCE_REFERENCE/backtest.py,historical_data_source_reference_not_final_backtest,d7f1d2aea36ed219176e9dedbadcb3aae6156ed59ca021975938d0407ea99d28,32066
reference/data_source_scripts/data.py,DATA_SOURCE_REFERENCE/data.py,historical_data_source_reference_not_final_backtest,2c413919e3019e97ac8662ead43d4fc4345997046e5b714dec62e5636f29ae09,17482
reference/data_source_scripts/extend_9_etfs.py,DATA_SOURCE_REFERENCE/extend_9_etfs.py,historical_data_source_reference_not_final_backtest,79e73b001aceef4d916f63180d4ae6767201c7fcfb87b0e8cedc51c63079c03b,25655
docs/validation/prior_empirical_rebuild_pytest_results.xml,Main results/07_VALIDATION_AND_TESTS/validation_results/pytest_results.xml,prior_actual_test_record_not_rerun_for_upload,6fadd7c03d64e673b3f1a94f66bc56d1c26dafd5d5aeb8c873126fde40f0ebbb,4545
