Date,Open,High,Low,Close,Adj_Close,Volume,Dividends,Stock_Splits,Capital_Gains,adjustment_factor,adjusted_open,daytime_return,overnight_price_return,overnight_adjusted_return,close_to_close_adjusted_return,in_sample,anomaly_flag,anomaly_reason,anomaly_review,ticker,independent_check_status,kept,Prior_session_date,Prior_Close,Prior_Adj_Close,overnight_rule,daytime_rule,cost_bps,sample_start,sample_end,model_version,rule_order,cost_definition
2007-01-08,34.11000061035156,34.11000061035156,23.38999938964844,23.38999938964844,18.111400604248047,10200,0.0,0.0,0,0.7743224060221007,26.412137742022747,-0.3142773681877292,0.4386335692728777,0.438633661744666,-0.0134963392547232,False,True,daytime_return;overnight_price_return;overnight_adjusted_return;intraday_range,yahoo_window_consistent_retained,DBB,not_independently_verified,True,,,,NOT_APPLICABLE,NOT_APPLICABLE,NOT_APPLICABLE,2007-01-09,2025-12-31,audit_or_summary,NIGHT/DAY,NOT_APPLICABLE
2008-12-23,13.210000038146973,13.210000038146973,11.409999847412108,11.489999771118164,9.516683578491211,35100,0.0,0.0,0,0.82825794326061,10.941287462068193,-0.1302044104513174,0.1242553223954869,0.1242553183270513,-0.0221276825924807,True,True,daytime_return;overnight_price_return;overnight_adjusted_return,yahoo_window_consistent_retained,DBB,not_independently_verified,True,,,,NOT_APPLICABLE,NOT_APPLICABLE,NOT_APPLICABLE,2007-01-09,2025-12-31,audit_or_summary,NIGHT/DAY,NOT_APPLICABLE
2009-01-02,13.300000190734863,13.300000190734863,12.31999969482422,12.43000030517578,10.295247077941896,38200,0.0,0.0,0,0.828257990762479,11.015831435118647,-0.0654135242919129,0.1167086785164639,0.1167087916538218,0.0436609339839817,True,True,overnight_price_return;overnight_adjusted_return,yahoo_window_consistent_retained,DBB,not_independently_verified,True,,,,NOT_APPLICABLE,NOT_APPLICABLE,NOT_APPLICABLE,2007-01-09,2025-12-31,audit_or_summary,NIGHT/DAY,NOT_APPLICABLE
2009-12-18,24.540000915527344,24.540000915527344,21.549999237060547,21.649999618530273,17.93178367614746,244500,0.0,0.0,0,0.8282579211132926,20.325450142412972,-0.1177669596242134,0.1376912963710326,0.1376910993622406,0.0037086775988206,True,True,daytime_return;overnight_price_return;overnight_adjusted_return,yahoo_window_consistent_retained,DBB,not_independently_verified,True,,,,NOT_APPLICABLE,NOT_APPLICABLE,NOT_APPLICABLE,2007-01-09,2025-12-31,audit_or_summary,NIGHT/DAY,NOT_APPLICABLE
2008-07-15,56.689998626708984,56.689998626708984,46.779998779296875,53.689998626708984,43.90882873535156,395000,0.0,0.0,0,0.8178213793715462,46.3622928734662,-0.0529193874170703,0.011779401424081,0.0117794466614895,-0.041763301857019,True,True,intraday_range,yahoo_window_consistent_retained,DBE,not_independently_verified,True,,,,NOT_APPLICABLE,NOT_APPLICABLE,NOT_APPLICABLE,2007-01-09,2025-12-31,audit_or_summary,NIGHT/DAY,NOT_APPLICABLE
2008-12-30,20.790000915527344,20.790000915527344,18.530000686645508,19.0,15.856457710266112,72500,0.0,0.0,0,0.8345504058034796,17.350303700708057,-0.0860991263444559,0.1005824027141097,0.1005823772804157,0.0058231961264674,True,True,overnight_price_return;overnight_adjusted_return,yahoo_window_consistent_retained,DBE,not_independently_verified,True,,,,NOT_APPLICABLE,NOT_APPLICABLE,NOT_APPLICABLE,2007-01-09,2025-12-31,audit_or_summary,NIGHT/DAY,NOT_APPLICABLE
2020-03-09,9.390000343322754,9.65999984741211,9.180000305175781,9.300000190734863,8.033280372619629,202500,0.0,0.0,0,0.8637935707380731,8.111021925790494,-0.009584680436342,-0.1321626055299715,-0.1321624792701477,-0.1404804245770107,True,True,overnight_price_return;overnight_adjusted_return;close_to_close_adjusted_return,yahoo_window_consistent_retained,DBE,not_independently_verified,True,,,,NOT_APPLICABLE,NOT_APPLICABLE,NOT_APPLICABLE,2007-01-09,2025-12-31,audit_or_summary,NIGHT/DAY,NOT_APPLICABLE
2020-04-21,8.59000015258789,8.59000015258789,7.0,7.25,6.262503147125244,349300,0.0,0.0,0,0.8637935375345164,7.419986619225932,-0.1559953584150044,0.0514075975975345,0.0514075958533599,-0.112607108902043,True,True,daytime_return;close_to_close_adjusted_return;intraday_range,yahoo_window_consistent_retained,DBE,not_independently_verified,True,,,,NOT_APPLICABLE,NOT_APPLICABLE,NOT_APPLICABLE,2007-01-09,2025-12-31,audit_or_summary,NIGHT/DAY,NOT_APPLICABLE
2022-03-09,23.93000030517578,24.11000061035156,21.43000030517578,22.68000030517578,19.590837478637695,307000,0.0,0.0,0,0.8637935279995074,20.67057938863708,-0.0522356867554923,-0.0630383928206026,-0.0630384496331803,-0.111981279680082,True,True,close_to_close_adjusted_return,yahoo_window_consistent_retained,DBE,not_independently_verified,True,,,,NOT_APPLICABLE,NOT_APPLICABLE,NOT_APPLICABLE,2007-01-09,2025-12-31,audit_or_summary,NIGHT/DAY,NOT_APPLICABLE
2007-01-08,35.939998626708984,35.939998626708984,23.979999542236328,24.329999923706055,19.7435359954834,73200,0.0,0.0,0,0.811489357065151,29.164926378510483,-0.3230383735845472,0.4808404593668733,0.4808405998095932,0.0024722609091369,False,True,daytime_return;overnight_price_return;overnight_adjusted_return;intraday_range,yahoo_window_consistent_retained,DBO,not_independently_verified,True,,,,NOT_APPLICABLE,NOT_APPLICABLE,NOT_APPLICABLE,2007-01-09,2025-12-31,audit_or_summary,NIGHT/DAY,NOT_APPLICABLE
2007-04-02,27.1299991607666,27.510000228881836,22.049999237060547,27.229999542236328,22.096853256225582,30700,0.0,0.0,0,0.8114892995848662,22.0157040167085,0.0036859706805423,-0.0007366651213512,-0.0007366907011833,0.0029465645590338,True,True,intraday_range,yahoo_window_consistent_retained,DBO,not_independently_verified,True,,,,NOT_APPLICABLE,NOT_APPLICABLE,NOT_APPLICABLE,2007-01-09,2025-12-31,audit_or_summary,NIGHT/DAY,NOT_APPLICABLE
2007-08-17,29.0,29.0,26.100000381469727,26.34000015258789,21.37462997436523,91100,0.0,0.0,0,0.8114893641056106,23.53319155906271,-0.091724132669383,0.1136712358065872,0.1136713447606465,0.0115208065837306,True,True,overnight_price_return;overnight_adjusted_return,yahoo_window_consistent_retained,DBO,not_independently_verified,True,,,,NOT_APPLICABLE,NOT_APPLICABLE,NOT_APPLICABLE,2007-01-09,2025-12-31,audit_or_summary,NIGHT/DAY,NOT_APPLICABLE
2020-03-09,6.650000095367432,7.099999904632568,6.429999828338623,6.510000228881836,5.698450565338135,2911800,0.0,0.0,0,0.8753379976941884,5.82099776814509,-0.0210526111996784,-0.1485275103599131,-0.1485275485418123,-0.1664532670095987,True,True,overnight_price_return;overnight_adjusted_return;close_to_close_adjusted_return,yahoo_window_consistent_retained,DBO,not_independently_verified,True,,,,NOT_APPLICABLE,NOT_APPLICABLE,NOT_APPLICABLE,2007-01-09,2025-12-31,audit_or_summary,NIGHT/DAY,NOT_APPLICABLE
2020-03-19,5.710000038146973,6.130000114440918,5.5,6.039999961853027,5.287041664123535,2381200,0.0,0.0,0,0.8753380293899057,4.998180181207858,0.0577933312611933,0.0457875454676452,0.0457874764609673,0.1062270185168834,True,True,close_to_close_adjusted_return,yahoo_window_consistent_retained,DBO,not_independently_verified,True,,,,NOT_APPLICABLE,NOT_APPLICABLE,NOT_APPLICABLE,2007-01-09,2025-12-31,audit_or_summary,NIGHT/DAY,NOT_APPLICABLE
2020-04-21,5.690000057220459,5.809999942779541,5.110000133514404,5.309999942779541,4.648045063018799,10627800,0.0,0.0,0,0.8753380627318351,4.980673627031387,-0.0667838507239921,-0.0610560873024322,-0.06105602596623,-0.1237623201662932,True,True,close_to_close_adjusted_return,yahoo_window_consistent_retained,DBO,not_independently_verified,True,,,,NOT_APPLICABLE,NOT_APPLICABLE,NOT_APPLICABLE,2007-01-09,2025-12-31,audit_or_summary,NIGHT/DAY,NOT_APPLICABLE
2021-11-26,13.520000457763672,13.539999961853027,12.479999542236328,12.760000228881836,11.169314384460447,4976500,0.0,0.0,0,0.8753381022030922,11.834571542483792,-0.0562130327773336,-0.0662982814103315,-0.066298208752848,-0.1187844181484795,True,True,close_to_close_adjusted_return,yahoo_window_consistent_retained,DBO,not_independently_verified,True,,,,NOT_APPLICABLE,NOT_APPLICABLE,NOT_APPLICABLE,2007-01-09,2025-12-31,audit_or_summary,NIGHT/DAY,NOT_APPLICABLE
2022-03-09,17.579999923706055,17.850000381469727,15.890000343322754,16.799999237060547,14.705678939819336,7697000,0.0,0.0,0,0.875338071883886,15.38844323693572,-0.0443686399334792,-0.0588865290952347,-0.0588865867721201,-0.1006425089401956,True,True,close_to_close_adjusted_return,yahoo_window_consistent_retained,DBO,not_independently_verified,True,,,,NOT_APPLICABLE,NOT_APPLICABLE,NOT_APPLICABLE,2007-01-09,2025-12-31,audit_or_summary,NIGHT/DAY,NOT_APPLICABLE
2025-04-09,11.75,13.31999969482422,11.590000152587892,13.31999969482422,12.862091064453123,1416200,0.0,0.0,0,0.9656224744097384,11.346064074314429,0.1336169953041888,-0.0281224274852562,-0.0281224001048626,0.1017369645965722,True,True,daytime_return;close_to_close_adjusted_return,yahoo_window_consistent_retained,DBO,not_independently_verified,True,,,,NOT_APPLICABLE,NOT_APPLICABLE,NOT_APPLICABLE,2007-01-09,2025-12-31,audit_or_summary,NIGHT/DAY,NOT_APPLICABLE
2008-09-17,27.229999542236328,30.34000015258789,27.229999542236328,30.34000015258789,26.08588981628418,98400,0.0,0.0,0,0.8597854213939135,23.411956630977738,0.1142122902179141,0.0107646251829911,0.0107645888368215,0.126206327399043,True,True,daytime_return;close_to_close_adjusted_return,yahoo_window_consistent_retained,DBP,not_independently_verified,True,,,,NOT_APPLICABLE,NOT_APPLICABLE,NOT_APPLICABLE,2007-01-09,2025-12-31,audit_or_summary,NIGHT/DAY,NOT_APPLICABLE
2018-09-21,34.66999816894531,34.66999816894531,34.66999816894531,34.66999816894531,30.136987686157227,0,0.0,0.0,0,0.8692526471821852,30.136987686157227,0.0,0.0,0.0,0.0,True,True,zero_volume,yahoo_window_consistent_zero_volume_execution_unverified,DBP,not_independently_verified,True,,,,NOT_APPLICABLE,NOT_APPLICABLE,NOT_APPLICABLE,2007-01-09,2025-12-31,audit_or_summary,NIGHT/DAY,NOT_APPLICABLE
2008-09-17,77.11000061035156,85.5999984741211,77.08999633789062,85.45999908447266,85.45999908447266,65774700,0.0,0.0,0,1.0,77.11000061035156,0.1082868422776299,0.0041672052481966,0.0041672052481966,0.1129053010232767,True,True,daytime_return;close_to_close_adjusted_return,yahoo_window_consistent_retained,GLD,not_independently_verified,True,,,,NOT_APPLICABLE,NOT_APPLICABLE,NOT_APPLICABLE,2007-01-09,2025-12-31,audit_or_summary,NIGHT/DAY,NOT_APPLICABLE
2008-09-17,10.739999771118164,12.0,10.699999809265137,11.899999618530272,11.899999618530272,20616900,0.0,0.0,0,1.0,10.739999771118164,0.1080074368838965,0.0326923235633675,0.0326923235633675,0.1442307745211224,True,True,daytime_return;close_to_close_adjusted_return,yahoo_window_consistent_retained,SLV,not_independently_verified,True,,,,NOT_APPLICABLE,NOT_APPLICABLE,NOT_APPLICABLE,2007-01-09,2025-12-31,audit_or_summary,NIGHT/DAY,NOT_APPLICABLE
2008-10-02,11.760000228881836,11.81999969482422,10.699999809265137,10.800000190734863,10.800000190734863,12586100,0.0,0.0,0,1.0,11.760000228881836,-0.0816326547162194,-0.0462286859976632,-0.0462286859976632,-0.1240875703518509,True,True,close_to_close_adjusted_return,yahoo_window_consistent_retained,SLV,not_independently_verified,True,,,,NOT_APPLICABLE,NOT_APPLICABLE,NOT_APPLICABLE,2007-01-09,2025-12-31,audit_or_summary,NIGHT/DAY,NOT_APPLICABLE
2008-10-10,11.390000343322754,11.699999809265137,9.270000457763674,9.800000190734863,9.800000190734863,24731700,0.0,0.0,0,1.0,11.390000343322754,-0.1395961461511288,-0.0468618807431445,-0.0468618807431445,-0.1799162889411365,True,True,daytime_return;close_to_close_adjusted_return;intraday_range,yahoo_window_consistent_retained,SLV,not_independently_verified,True,,,,NOT_APPLICABLE,NOT_APPLICABLE,NOT_APPLICABLE,2007-01-09,2025-12-31,audit_or_summary,NIGHT/DAY,NOT_APPLICABLE
2008-12-01,9.270000457763674,9.329999923706055,9.140000343322754,9.180000305175781,9.180000305175781,5474800,0.0,0.0,0,1.0,9.270000457763674,-0.0097087538450458,-0.0938415569335202,-0.0938415569335202,-0.1026392262018627,True,True,close_to_close_adjusted_return,yahoo_window_consistent_retained,SLV,not_independently_verified,True,,,,NOT_APPLICABLE,NOT_APPLICABLE,NOT_APPLICABLE,2007-01-09,2025-12-31,audit_or_summary,NIGHT/DAY,NOT_APPLICABLE
2011-05-05,36.529998779296875,36.88999938964844,33.58000183105469,33.720001220703125,33.720001220703125,295400000,0.0,0.0,0,1.0,36.529998779296875,-0.07692301266066,-0.0454664661001803,-0.0454664661001803,-0.1188920612133807,True,True,close_to_close_adjusted_return,yahoo_window_consistent_retained,SLV,not_independently_verified,True,,,,NOT_APPLICABLE,NOT_APPLICABLE,NOT_APPLICABLE,2007-01-09,2025-12-31,audit_or_summary,NIGHT/DAY,NOT_APPLICABLE
2011-09-23,31.799999237060547,32.540000915527344,29.049999237060547,29.979999542236328,29.979999542236328,97735200,0.0,0.0,0,1.0,31.799999237060547,-0.0572326961789088,-0.0893470531352836,-0.0893470531352836,-0.1414661765676199,True,True,close_to_close_adjusted_return,yahoo_window_consistent_retained,SLV,not_independently_verified,True,,,,NOT_APPLICABLE,NOT_APPLICABLE,NOT_APPLICABLE,2007-01-09,2025-12-31,audit_or_summary,NIGHT/DAY,NOT_APPLICABLE
2013-04-15,22.979999542236328,23.100000381469727,21.959999084472656,22.09000015258789,22.09000015258789,53812700,0.0,0.0,0,1.0,22.979999542236328,-0.0387293040634162,-0.0909810554563863,-0.0909810554563863,-0.1261867265590216,True,True,close_to_close_adjusted_return,yahoo_window_consistent_retained,SLV,not_independently_verified,True,,,,NOT_APPLICABLE,NOT_APPLICABLE,NOT_APPLICABLE,2007-01-09,2025-12-31,audit_or_summary,NIGHT/DAY,NOT_APPLICABLE
2020-03-16,11.829999923706056,12.409999847412108,11.68000030517578,12.0,12.0,56056800,0.0,0.0,0,1.0,11.829999923706056,0.0143702516813448,-0.1358655744111548,-0.1358655744111548,-0.1234477452289288,True,True,overnight_price_return;overnight_adjusted_return;close_to_close_adjusted_return,yahoo_window_consistent_retained,SLV,not_independently_verified,True,,,,NOT_APPLICABLE,NOT_APPLICABLE,NOT_APPLICABLE,2007-01-09,2025-12-31,audit_or_summary,NIGHT/DAY,NOT_APPLICABLE
2020-08-11,25.229999542236328,25.520000457763672,23.059999465942383,23.329999923706055,23.329999923706055,165630300,0.0,0.0,0,1.0,25.229999542236328,-0.0753071602458642,-0.0655555725097656,-0.0655555725097656,-0.1359259287516275,True,True,close_to_close_adjusted_return,yahoo_window_consistent_retained,SLV,not_independently_verified,True,,,,NOT_APPLICABLE,NOT_APPLICABLE,NOT_APPLICABLE,2007-01-09,2025-12-31,audit_or_summary,NIGHT/DAY,NOT_APPLICABLE
2021-02-01,27.760000228881836,27.979999542236328,26.100000381469727,26.760000228881836,26.760000228881836,280615000,0.0,0.0,0,1.0,27.760000228881836,-0.0360230544580323,0.1108443570681845,0.1108443570681845,0.0708283502991193,True,True,overnight_price_return;overnight_adjusted_return,yahoo_window_consistent_retained,SLV,not_independently_verified,True,,,,NOT_APPLICABLE,NOT_APPLICABLE,NOT_APPLICABLE,2007-01-09,2025-12-31,audit_or_summary,NIGHT/DAY,NOT_APPLICABLE
2008-09-29,653.9199829101562,657.3599853515625,613.2000122070312,616.719970703125,616.719970703125,1478250,0.0,0.0,0,1.0,653.9199829101562,-0.0568877128383187,-0.051850148105479,-0.051850148105479,-0.105788224607749,True,True,close_to_close_adjusted_return,yahoo_window_consistent_retained,USO,not_independently_verified,True,,,,NOT_APPLICABLE,NOT_APPLICABLE,NOT_APPLICABLE,2007-01-09,2025-12-31,audit_or_summary,NIGHT/DAY,NOT_APPLICABLE
2008-12-31,233.52000427246097,278.9599914550781,233.1999969482422,264.79998779296875,264.79998779296875,6101900,0.0,0.0,0,1.0,233.52000427246097,0.1339499098501715,-0.0334437153432551,-0.0334437153432551,0.0960264118516325,True,True,daytime_return,yahoo_window_consistent_retained,USO,not_independently_verified,True,,,,NOT_APPLICABLE,NOT_APPLICABLE,NOT_APPLICABLE,2007-01-09,2025-12-31,audit_or_summary,NIGHT/DAY,NOT_APPLICABLE
2009-01-07,293.67999267578125,294.3999938964844,265.67999267578125,266.1600036621094,266.1600036621094,5455275,0.0,0.0,0,1.0,293.67999267578125,-0.0937074015935895,-0.0144966688732173,-0.0144966688732173,-0.106845625294935,True,True,close_to_close_adjusted_return,yahoo_window_consistent_retained,USO,not_independently_verified,True,,,,NOT_APPLICABLE,NOT_APPLICABLE,NOT_APPLICABLE,2007-01-09,2025-12-31,audit_or_summary,NIGHT/DAY,NOT_APPLICABLE
2019-09-16,99.91999816894533,105.27999877929688,99.5999984741211,102.63999938964844,102.63999938964844,10127500,0.0,0.0,0,1.0,99.91999816894533,0.027221790137587,0.0917832368224338,0.0917832368224338,0.1215035309709497,True,True,close_to_close_adjusted_return,yahoo_window_consistent_retained,USO,not_independently_verified,True,,,,NOT_APPLICABLE,NOT_APPLICABLE,NOT_APPLICABLE,2007-01-09,2025-12-31,audit_or_summary,NIGHT/DAY,NOT_APPLICABLE
2020-03-09,54.560001373291016,58.400001525878906,52.0,52.15999984741211,52.15999984741211,19268563,0.0,0.0,0,1.0,54.560001373291016,-0.0439882966545119,-0.218785735478478,-0.218785735478478,-0.253150020296987,True,True,overnight_price_return;overnight_adjusted_return;close_to_close_adjusted_return,yahoo_window_consistent_retained,USO,not_independently_verified,True,,,,NOT_APPLICABLE,NOT_APPLICABLE,NOT_APPLICABLE,2007-01-09,2025-12-31,audit_or_summary,NIGHT/DAY,NOT_APPLICABLE
2020-03-10,56.720001220703125,58.63999938964844,54.880001068115234,57.91999816894531,57.91999816894531,10698375,0.0,0.0,0,1.0,56.720001220703125,0.0211565042739134,0.0874233394676142,0.0874233394676142,0.1104294159966141,True,True,close_to_close_adjusted_return,yahoo_window_consistent_retained,USO,not_independently_verified,True,,,,NOT_APPLICABLE,NOT_APPLICABLE,NOT_APPLICABLE,2007-01-09,2025-12-31,audit_or_summary,NIGHT/DAY,NOT_APPLICABLE
2020-03-16,48.720001220703125,51.040000915527344,46.560001373291016,48.400001525878906,48.400001525878906,9516613,0.0,0.0,0,1.0,48.720001220703125,-0.0065681380707404,-0.1249999828722285,-0.1249999828722285,-0.130747103796624,True,True,overnight_price_return;overnight_adjusted_return;close_to_close_adjusted_return,yahoo_window_consistent_retained,USO,not_independently_verified,True,,,,NOT_APPLICABLE,NOT_APPLICABLE,NOT_APPLICABLE,2007-01-09,2025-12-31,audit_or_summary,NIGHT/DAY,NOT_APPLICABLE
2020-03-18,40.47999954223633,41.439998626708984,34.31999969482422,37.68000030517578,37.68000030517578,23764250,0.0,0.0,0,1.0,40.47999954223633,-0.0691699424091906,-0.1138353924737226,-0.1138353924737226,-0.1751313473413781,True,True,overnight_price_return;overnight_adjusted_return;close_to_close_adjusted_return;intraday_range,yahoo_window_consistent_retained,USO,not_independently_verified,True,,,,NOT_APPLICABLE,NOT_APPLICABLE,NOT_APPLICABLE,2007-01-09,2025-12-31,audit_or_summary,NIGHT/DAY,NOT_APPLICABLE
2020-03-19,38.31999969482422,45.36000061035156,36.79999923706055,42.959999084472656,42.959999084472656,16267000,0.0,0.0,0,1.0,38.31999969482422,0.1210855800261174,0.0169851216683913,0.0169851216683913,0.1401273550035402,True,True,daytime_return;close_to_close_adjusted_return;intraday_range,yahoo_window_consistent_retained,USO,not_independently_verified,True,,,,NOT_APPLICABLE,NOT_APPLICABLE,NOT_APPLICABLE,2007-01-09,2025-12-31,audit_or_summary,NIGHT/DAY,NOT_APPLICABLE
2020-04-02,36.63999938964844,45.36000061035156,36.0,40.880001068115234,40.880001068115234,40226725,0.0,0.0,0,1.0,36.63999938964844,0.1157205717548315,0.0456620557167874,0.0456620557167874,0.1666666666666667,True,True,daytime_return;close_to_close_adjusted_return;intraday_range,yahoo_window_consistent_retained,USO,not_independently_verified,True,,,,NOT_APPLICABLE,NOT_APPLICABLE,NOT_APPLICABLE,2007-01-09,2025-12-31,audit_or_summary,NIGHT/DAY,NOT_APPLICABLE
2020-04-03,45.599998474121094,48.15999984741211,43.52000045776367,47.20000076293945,47.20000076293945,28238825,0.0,0.0,0,1.0,45.599998474121094,0.0350877706657466,0.1154598161125604,0.1154598161125604,0.1545988143271739,True,True,overnight_price_return;overnight_adjusted_return;close_to_close_adjusted_return,yahoo_window_consistent_retained,USO,not_independently_verified,True,,,,NOT_APPLICABLE,NOT_APPLICABLE,NOT_APPLICABLE,2007-01-09,2025-12-31,audit_or_summary,NIGHT/DAY,NOT_APPLICABLE
2020-04-09,43.20000076293945,46.2400016784668,38.400001525878906,39.84000015258789,39.84000015258789,37976150,0.0,0.0,0,1.0,43.20000076293945,-0.0777777905326809,0.0055866313682846,0.0055866313682846,-0.072625675008742,True,True,intraday_range,yahoo_window_consistent_retained,USO,not_independently_verified,True,,,,NOT_APPLICABLE,NOT_APPLICABLE,NOT_APPLICABLE,2007-01-09,2025-12-31,audit_or_summary,NIGHT/DAY,NOT_APPLICABLE
2020-04-20,30.079999923706055,32.400001525878906,29.600000381469727,30.0,30.0,109403825,0.0,0.0,0,1.0,30.079999923706055,-0.0026595719384628,-0.1068883714029093,-0.1068883714029093,-0.109263666028241,True,True,overnight_price_return;overnight_adjusted_return;close_to_close_adjusted_return,yahoo_window_consistent_retained,USO,not_independently_verified,True,,,,NOT_APPLICABLE,NOT_APPLICABLE,NOT_APPLICABLE,2007-01-09,2025-12-31,audit_or_summary,NIGHT/DAY,NOT_APPLICABLE
2020-04-21,25.520000457763672,27.200000762939453,18.479999542236328,22.479999542236328,22.479999542236328,124913013,0.0,0.0,0,1.0,25.520000457763672,-0.1191222907914375,-0.1493333180745443,-0.1493333180745443,-0.2506666819254557,True,True,daytime_return;overnight_price_return;overnight_adjusted_return;close_to_close_adjusted_return;intraday_range,yahoo_window_consistent_retained,USO,not_independently_verified,True,,,,NOT_APPLICABLE,NOT_APPLICABLE,NOT_APPLICABLE,2007-01-09,2025-12-31,audit_or_summary,NIGHT/DAY,NOT_APPLICABLE
2020-04-22,23.200000762939453,23.520000457763672,20.0,20.079999923706055,20.079999923706055,54487213,0.0,0.0,0,1.0,23.200000762939453,-0.1344827903720332,0.0320285247048317,0.0320285247048317,-0.1067615510410068,True,True,daytime_return;close_to_close_adjusted_return,yahoo_window_consistent_retained,USO,not_independently_verified,True,,,,NOT_APPLICABLE,NOT_APPLICABLE,NOT_APPLICABLE,2007-01-09,2025-12-31,audit_or_summary,NIGHT/DAY,NOT_APPLICABLE
2020-04-27,18.399999618530273,18.399999618530273,17.040000915527344,17.520000457763672,17.520000457763672,33885000,0.0,0.0,0,1.0,18.399999618530273,-0.0478260423375428,-0.1050583610661151,-0.1050583610661151,-0.1478598777793971,True,True,overnight_price_return;overnight_adjusted_return;close_to_close_adjusted_return,yahoo_window_consistent_retained,USO,not_independently_verified,True,,,,NOT_APPLICABLE,NOT_APPLICABLE,NOT_APPLICABLE,2007-01-09,2025-12-31,audit_or_summary,NIGHT/DAY,NOT_APPLICABLE
2021-11-26,52.33000183105469,52.380001068115234,48.560001373291016,49.630001068115234,49.630001068115234,18765600,0.0,0.0,0,1.0,52.33000183105469,-0.0515956558086181,-0.0635289758268482,-0.0635289758268482,-0.1118468124648303,True,True,close_to_close_adjusted_return,yahoo_window_consistent_retained,USO,not_independently_verified,True,,,,NOT_APPLICABLE,NOT_APPLICABLE,NOT_APPLICABLE,2007-01-09,2025-12-31,audit_or_summary,NIGHT/DAY,NOT_APPLICABLE
2022-03-09,80.0,81.0999984741211,72.2699966430664,75.47000122070312,75.47000122070312,29934600,0.0,0.0,0,1.0,80.0,-0.0566249847412109,-0.0635608133650773,-0.0635608133650773,-0.1165866680193518,True,True,close_to_close_adjusted_return,yahoo_window_consistent_retained,USO,not_independently_verified,True,,,,NOT_APPLICABLE,NOT_APPLICABLE,NOT_APPLICABLE,2007-01-09,2025-12-31,audit_or_summary,NIGHT/DAY,NOT_APPLICABLE
