Date,Open,High,Low,Close,Adj_Close,Dividends,Stock_Splits,ticker,previous_close,previous_adj_close,adjustment_factor,adjusted_overnight,cash_distribution_overnight,difference_bps,capital_gains,split_treatment,distribution_treatment,overnight_rule,daytime_rule,cost_bps,sample_start,sample_end,model_version,rule_order,cost_definition
2007-12-17,31.93000030517578,32.20000076293945,31.350000381469727,31.700000762939453,26.738183975219727,0.45,0.0,DBA,32.209999084472656,26.788793563842773,0.8434758148800867,0.005352591274596419,0.005277902065668805,0.746892089276141,0,already_split_adjusted_OHLC_no_second_adjustment,signed_cash_at_ex_open_declared_settlement_scenario,NOT_APPLICABLE,NOT_APPLICABLE,NOT_APPLICABLE,2007-01-09,2025-12-31,audit_or_summary,NIGHT/DAY,NOT_APPLICABLE
2008-12-15,24.270000457763672,24.270000457763672,23.489999771118164,23.489999771118164,20.191844940185547,0.45,0.0,DBA,24.0,20.243419647216797,0.8595932369915209,0.030573323027617283,0.030000019073486373,5.733039541309104,0,already_split_adjusted_OHLC_no_second_adjustment,signed_cash_at_ex_open_declared_settlement_scenario,NOT_APPLICABLE,NOT_APPLICABLE,NOT_APPLICABLE,2007-01-09,2025-12-31,audit_or_summary,NIGHT/DAY,NOT_APPLICABLE
2018-12-24,16.8700008392334,16.959999084472656,16.719999313354492,16.950000762939453,14.726029396057127,0.1799999999999999,0.0,DBA,17.0,14.613085746765137,0.8687922556472707,0.0029727010349893668,0.002941225837258754,0.3147519773061269,0,already_split_adjusted_OHLC_no_second_adjustment,signed_cash_at_ex_open_declared_settlement_scenario,NOT_APPLICABLE,NOT_APPLICABLE,NOT_APPLICABLE,2007-01-09,2025-12-31,audit_or_summary,NIGHT/DAY,NOT_APPLICABLE
2019-12-23,16.479999542236328,16.479999542236328,16.229999542236328,16.260000228881836,14.348434448242188,0.257,0.0,DBA,16.6200008392334,14.439326286315918,0.8824375305208035,0.007150182125666316,0.007039632797535278,1.1054932813103768,0,already_split_adjusted_OHLC_no_second_adjustment,signed_cash_at_ex_open_declared_settlement_scenario,NOT_APPLICABLE,NOT_APPLICABLE,NOT_APPLICABLE,2007-01-09,2025-12-31,audit_or_summary,NIGHT/DAY,NOT_APPLICABLE
2022-12-19,19.68000030517578,19.709999084472656,19.6200008392334,19.670000076293945,17.44228744506836,0.096,0.0,DBA,19.760000228881836,17.436965942382812,0.8867456724664481,0.0008137403271346599,0.0008097204508408229,0.040198762938370436,0,already_split_adjusted_OHLC_no_second_adjustment,signed_cash_at_ex_open_declared_settlement_scenario,NOT_APPLICABLE,NOT_APPLICABLE,NOT_APPLICABLE,2007-01-09,2025-12-31,audit_or_summary,NIGHT/DAY,NOT_APPLICABLE
2023-12-18,20.959999084472656,21.020000457763672,20.899999618530273,21.020000457763672,19.491479873657227,0.96,0.0,DBA,21.959999084472656,19.47293472290039,0.927282561806896,-0.0019048529103714573,-0.0018214937007116072,-0.8335920965985011,0,already_split_adjusted_OHLC_no_second_adjustment,signed_cash_at_ex_open_declared_settlement_scenario,NOT_APPLICABLE,NOT_APPLICABLE,NOT_APPLICABLE,2007-01-09,2025-12-31,audit_or_summary,NIGHT/DAY,NOT_APPLICABLE
2024-12-23,26.59000015258789,26.600000381469727,26.38999938964844,26.38999938964844,25.471385955810547,1.084,0.0,DBA,27.600000381469727,25.593000411987305,0.9651908505083853,0.0027907806492919462,0.002681151090412559,1.096295588793872,0,already_split_adjusted_OHLC_no_second_adjustment,signed_cash_at_ex_open_declared_settlement_scenario,NOT_APPLICABLE,NOT_APPLICABLE,NOT_APPLICABLE,2007-01-09,2025-12-31,audit_or_summary,NIGHT/DAY,NOT_APPLICABLE
2025-12-22,25.450000762939453,25.5,25.399999618530273,25.440000534057617,25.440000534057617,0.912,0.0,DBA,26.200000762939453,25.288000106811523,1.0,0.006406226488598232,0.006183205926816315,2.23020561781917,0,already_split_adjusted_OHLC_no_second_adjustment,signed_cash_at_ex_open_declared_settlement_scenario,NOT_APPLICABLE,NOT_APPLICABLE,NOT_APPLICABLE,2007-01-09,2025-12-31,audit_or_summary,NIGHT/DAY,NOT_APPLICABLE
2007-12-17,21.8700008392334,21.8700008392334,21.190000534057617,21.510000228881836,17.395923614501953,0.96,0.0,DBB,22.559999465942383,17.468711853027344,0.8087365611063154,0.012499915215480994,0.011968146262530954,5.317689529500402,0,already_split_adjusted_OHLC_no_second_adjustment,signed_cash_at_ex_open_declared_settlement_scenario,NOT_APPLICABLE,NOT_APPLICABLE,NOT_APPLICABLE,2007-01-09,2025-12-31,audit_or_summary,NIGHT/DAY,NOT_APPLICABLE
2008-12-15,11.640000343322754,11.68000030517578,11.31999969482422,11.5,9.5249662399292,0.28,0.0,DBB,11.880000114440918,9.607791900634766,0.8282579339068868,0.0034483193166374715,0.0033670226007163073,0.8129671592116416,0,already_split_adjusted_OHLC_no_second_adjustment,signed_cash_at_ex_open_declared_settlement_scenario,NOT_APPLICABLE,NOT_APPLICABLE,NOT_APPLICABLE,2007-01-09,2025-12-31,audit_or_summary,NIGHT/DAY,NOT_APPLICABLE
2018-12-24,15.710000038146973,15.710000038146973,15.520000457763672,15.56999969482422,13.097734451293944,0.2439999999999999,0.0,DBB,15.840000152587892,13.119606018066406,0.8412161019918255,0.007309592695311284,0.007196962402835183,1.1263029247610135,0,already_split_adjusted_OHLC_no_second_adjustment,signed_cash_at_ex_open_declared_settlement_scenario,NOT_APPLICABLE,NOT_APPLICABLE,NOT_APPLICABLE,2007-01-09,2025-12-31,audit_or_summary,NIGHT/DAY,NOT_APPLICABLE
2019-12-23,15.039999961853027,15.050000190734863,15.0,15.0,12.84581470489502,0.273,0.0,DBB,15.409999847412108,12.963139533996582,0.8563876469930013,-0.006408120168157172,-0.006294606523008506,-1.1351364514866624,0,already_split_adjusted_OHLC_no_second_adjustment,signed_cash_at_ex_open_declared_settlement_scenario,NOT_APPLICABLE,NOT_APPLICABLE,NOT_APPLICABLE,2007-01-09,2025-12-31,audit_or_summary,NIGHT/DAY,NOT_APPLICABLE
2022-12-19,19.549999237060547,19.56999969482422,19.43000030517578,19.450000762939453,16.81338119506836,0.184,0.0,DBB,19.75,16.913654327392578,0.8644411586402105,-0.0008177023856003052,-0.0008101652121241809,-0.07537173476124259,0,already_split_adjusted_OHLC_no_second_adjustment,signed_cash_at_ex_open_declared_settlement_scenario,NOT_APPLICABLE,NOT_APPLICABLE,NOT_APPLICABLE,2007-01-09,2025-12-31,audit_or_summary,NIGHT/DAY,NOT_APPLICABLE
2023-12-18,17.65999984741211,17.700000762939453,17.600000381469727,17.649999618530273,16.402339935302734,1.32,0.0,DBB,18.90999984741211,16.346582412719727,0.9293110645782874,0.003979476828171569,0.0037017451382781452,2.7773168989342345,0,already_split_adjusted_OHLC_no_second_adjustment,signed_cash_at_ex_open_declared_settlement_scenario,NOT_APPLICABLE,NOT_APPLICABLE,NOT_APPLICABLE,2007-01-09,2025-12-31,audit_or_summary,NIGHT/DAY,NOT_APPLICABLE
2024-12-23,18.8799991607666,18.920000076293945,18.809999465942383,18.90999984741211,18.408851623535156,0.896,0.0,DBB,19.739999771118164,18.34460067749023,0.9734982428386674,0.00191038937983401,0.0018236773083002422,0.867120715337677,0,already_split_adjusted_OHLC_no_second_adjustment,signed_cash_at_ex_open_declared_settlement_scenario,NOT_APPLICABLE,NOT_APPLICABLE,NOT_APPLICABLE,2007-01-09,2025-12-31,audit_or_summary,NIGHT/DAY,NOT_APPLICABLE
2025-12-22,22.149999618530273,22.15999984741211,22.079999923706055,22.1200008392334,22.1200008392334,0.5999999999999999,0.0,DBB,22.63999938964844,22.03999900817871,1.0,0.004990953507336471,0.004858667484422652,1.3228602291381897,0,already_split_adjusted_OHLC_no_second_adjustment,signed_cash_at_ex_open_declared_settlement_scenario,NOT_APPLICABLE,NOT_APPLICABLE,NOT_APPLICABLE,2007-01-09,2025-12-31,audit_or_summary,NIGHT/DAY,NOT_APPLICABLE
2006-12-18,24.6299991607666,24.65999984741211,24.25,24.469999313354492,19.874195098876953,0.6099999999999999,0.0,DBC,25.520000457763672,20.231557846069336,0.8121861731328541,-0.011240512725276153,-0.010971837459818223,-2.686752654579294,0,already_split_adjusted_OHLC_no_second_adjustment,signed_cash_at_ex_open_declared_settlement_scenario,NOT_APPLICABLE,NOT_APPLICABLE,NOT_APPLICABLE,2007-01-09,2025-12-31,audit_or_summary,NIGHT/DAY,NOT_APPLICABLE
2007-12-17,31.549999237060547,31.549999237060547,30.239999771118164,30.520000457763672,25.40216636657715,0.76,0.0,DBC,31.43000030517578,25.52701187133789,0.8323121227252587,0.028692546128466168,0.027998693074777092,6.938530536890752,0,already_split_adjusted_OHLC_no_second_adjustment,signed_cash_at_ex_open_declared_settlement_scenario,NOT_APPLICABLE,NOT_APPLICABLE,NOT_APPLICABLE,2007-01-09,2025-12-31,audit_or_summary,NIGHT/DAY,NOT_APPLICABLE
2008-12-15,21.780000686645508,21.950000762939453,20.670000076293945,20.950000762939453,17.711915969848633,0.34,0.0,DBC,21.899999618530273,18.22763442993164,0.8454374856721251,0.010203989400713098,0.010045711047825145,1.5827835288795278,0,already_split_adjusted_OHLC_no_second_adjustment,signed_cash_at_ex_open_declared_settlement_scenario,NOT_APPLICABLE,NOT_APPLICABLE,NOT_APPLICABLE,2007-01-09,2025-12-31,audit_or_summary,NIGHT/DAY,NOT_APPLICABLE
2018-12-24,14.510000228881836,14.5600004196167,14.390000343322754,14.390000343322754,12.323866844177246,0.189,0.0,DBC,14.739999771118164,12.461750030517578,0.8564188012612359,-0.0028176643017512326,-0.002781515798708667,-0.3614850304256567,0,already_split_adjusted_OHLC_no_second_adjustment,signed_cash_at_ex_open_declared_settlement_scenario,NOT_APPLICABLE,NOT_APPLICABLE,NOT_APPLICABLE,2007-01-09,2025-12-31,audit_or_summary,NIGHT/DAY,NOT_APPLICABLE
2019-12-23,15.81999969482422,15.869999885559082,15.789999961853027,15.859999656677246,13.80038833618164,0.254,0.0,DBC,16.110000610351562,13.796907424926758,0.8701379971576175,-0.0022704055679678703,-0.0022346936165980047,-0.357119513698656,0,already_split_adjusted_OHLC_no_second_adjustment,signed_cash_at_ex_open_declared_settlement_scenario,NOT_APPLICABLE,NOT_APPLICABLE,NOT_APPLICABLE,2007-01-09,2025-12-31,audit_or_summary,NIGHT/DAY,NOT_APPLICABLE
2022-12-19,24.030000686645508,24.079999923706055,23.86000061035156,23.969999313354492,20.983139038085938,0.1449999999999999,0.0,DBC,24.15999984741211,21.022533416748047,0.875391724621182,0.0006245834753813018,0.0006208956675555211,0.03687807825780709,0,already_split_adjusted_OHLC_no_second_adjustment,signed_cash_at_ex_open_declared_settlement_scenario,NOT_APPLICABLE,NOT_APPLICABLE,NOT_APPLICABLE,2007-01-09,2025-12-31,audit_or_summary,NIGHT/DAY,NOT_APPLICABLE
2023-12-18,22.440000534057617,22.549999237060547,22.25,22.31999969482422,20.498884201049805,1.089,0.0,DBC,23.25,20.35285758972168,0.918408802926789,0.012589703303779842,0.012000022970219959,5.8968033355988325,0,already_split_adjusted_OHLC_no_second_adjustment,signed_cash_at_ex_open_declared_settlement_scenario,NOT_APPLICABLE,NOT_APPLICABLE,NOT_APPLICABLE,2007-01-09,2025-12-31,audit_or_summary,NIGHT/DAY,NOT_APPLICABLE
2024-12-23,20.8700008392334,20.920000076293945,20.780000686645508,20.920000076293945,20.238842010498047,1.116,0.0,DBC,22.020000457763672,20.223363876342773,0.9674398631304132,-0.001626491077564296,-0.0015440335069696332,-0.8245757059466285,0,already_split_adjusted_OHLC_no_second_adjustment,signed_cash_at_ex_open_declared_settlement_scenario,NOT_APPLICABLE,NOT_APPLICABLE,NOT_APPLICABLE,2007-01-09,2025-12-31,audit_or_summary,NIGHT/DAY,NOT_APPLICABLE
2025-12-22,22.3799991607666,22.40999984741211,22.34000015258789,22.38999938964844,22.38999938964844,0.7439999999999999,0.0,DBC,22.850000381469727,22.106000900268555,1.0,0.012394745740497815,0.011991193642126863,4.035520983709517,0,already_split_adjusted_OHLC_no_second_adjustment,signed_cash_at_ex_open_declared_settlement_scenario,NOT_APPLICABLE,NOT_APPLICABLE,NOT_APPLICABLE,2007-01-09,2025-12-31,audit_or_summary,NIGHT/DAY,NOT_APPLICABLE
2007-12-17,34.040000915527344,34.06999969482422,33.63999938964844,33.91999816894531,27.74049949645996,0.9,0.0,DBE,34.9900016784668,27.87953186035156,0.8178213736419699,-0.001466723080068122,-0.0014290014444390264,-0.37721635629095474,0,already_split_adjusted_OHLC_no_second_adjustment,signed_cash_at_ex_open_declared_settlement_scenario,NOT_APPLICABLE,NOT_APPLICABLE,NOT_APPLICABLE,2007-01-09,2025-12-31,audit_or_summary,NIGHT/DAY,NOT_APPLICABLE
2008-12-15,22.770000457763672,22.799999237060547,20.88999938964844,21.0,17.525558471679688,0.44,0.0,DBE,21.950000762939453,17.951181411743164,0.8345504034133184,0.05857729538163281,0.057403173167611676,11.741222140211338,0,already_split_adjusted_OHLC_no_second_adjustment,signed_cash_at_ex_open_declared_settlement_scenario,NOT_APPLICABLE,NOT_APPLICABLE,NOT_APPLICABLE,2007-01-09,2025-12-31,audit_or_summary,NIGHT/DAY,NOT_APPLICABLE
2018-12-24,12.369999885559082,12.470000267028809,12.149999618530272,12.159999847412108,10.31778621673584,0.2079999999999999,0.0,DBE,12.649999618530272,10.557062149047852,0.8485021666288649,-0.005786689903844899,-0.005691678667382849,-0.9501123646205034,0,already_split_adjusted_OHLC_no_second_adjustment,signed_cash_at_ex_open_declared_settlement_scenario,NOT_APPLICABLE,NOT_APPLICABLE,NOT_APPLICABLE,2007-01-09,2025-12-31,audit_or_summary,NIGHT/DAY,NOT_APPLICABLE
2019-12-23,14.4399995803833,14.600000381469728,14.4399995803833,14.590000152587892,12.602748870849608,0.262,0.0,DBE,14.800000190734863,12.557831764221191,0.8637936078852064,-0.006741006760595303,-0.0066216627762554214,-1.1934398433988136,0,already_split_adjusted_OHLC_no_second_adjustment,signed_cash_at_ex_open_declared_settlement_scenario,NOT_APPLICABLE,NOT_APPLICABLE,NOT_APPLICABLE,2007-01-09,2025-12-31,audit_or_summary,NIGHT/DAY,NOT_APPLICABLE
2022-12-19,21.8700008392334,21.959999084472656,21.670000076293945,21.84000015258789,19.013103485107425,0.171,0.0,DBE,21.989999771118164,18.99482154846191,0.870563340305403,0.002337449420612314,0.0023192846132822353,0.18164807330078858,0,already_split_adjusted_OHLC_no_second_adjustment,signed_cash_at_ex_open_declared_settlement_scenario,NOT_APPLICABLE,NOT_APPLICABLE,NOT_APPLICABLE,2007-01-09,2025-12-31,audit_or_summary,NIGHT/DAY,NOT_APPLICABLE
2023-12-18,20.06999969482422,20.18000030517578,19.770000457763672,19.799999237060547,17.89043617248535,0.7419999999999999,0.0,DBE,20.31999969482422,17.68984603881836,0.9035574172648967,0.025130295027371075,0.02421259878883375,9.176962385373244,0,already_split_adjusted_OHLC_no_second_adjustment,signed_cash_at_ex_open_declared_settlement_scenario,NOT_APPLICABLE,NOT_APPLICABLE,NOT_APPLICABLE,2007-01-09,2025-12-31,audit_or_summary,NIGHT/DAY,NOT_APPLICABLE
2024-12-23,17.93000030517578,17.979999542236328,17.790000915527344,17.979999542236328,17.303871154785156,1.172,0.0,DBE,19.170000076293945,17.32119369506836,0.9623955281053875,-0.0037781219695953716,-0.003547197227310006,-2.3092474228536553,0,already_split_adjusted_OHLC_no_second_adjustment,signed_cash_at_ex_open_declared_settlement_scenario,NOT_APPLICABLE,NOT_APPLICABLE,NOT_APPLICABLE,2007-01-09,2025-12-31,audit_or_summary,NIGHT/DAY,NOT_APPLICABLE
2025-12-22,17.510000228881836,17.579999923706055,17.450000762939453,17.56999969482422,17.56999969482422,0.675,0.0,DBE,17.950000762939453,17.275001525878906,1.0,0.013603396946210822,0.013091891696605185,5.1150524960563715,0,already_split_adjusted_OHLC_no_second_adjustment,signed_cash_at_ex_open_declared_settlement_scenario,NOT_APPLICABLE,NOT_APPLICABLE,NOT_APPLICABLE,2007-01-09,2025-12-31,audit_or_summary,NIGHT/DAY,NOT_APPLICABLE
2007-12-17,33.119998931884766,33.86000061035156,32.79999923706055,32.900001525878906,27.72700881958008,1.28,0.0,DBO,34.4900016784668,27.988269805908203,0.8427661864322472,-0.002710228676856774,-0.0026095315222388615,-1.006971546179125,0,already_split_adjusted_OHLC_no_second_adjustment,signed_cash_at_ex_open_declared_settlement_scenario,NOT_APPLICABLE,NOT_APPLICABLE,NOT_APPLICABLE,2007-01-09,2025-12-31,audit_or_summary,NIGHT/DAY,NOT_APPLICABLE
2008-12-15,22.040000915527344,22.13999938964844,20.270000457763672,20.579999923706055,17.442676544189453,0.12,0.0,DBO,21.239999771118164,17.900354385375977,0.8475547428985787,0.04356075345107557,0.04331455528828143,2.461981627941423,0,already_split_adjusted_OHLC_no_second_adjustment,signed_cash_at_ex_open_declared_settlement_scenario,NOT_APPLICABLE,NOT_APPLICABLE,NOT_APPLICABLE,2007-01-09,2025-12-31,audit_or_summary,NIGHT/DAY,NOT_APPLICABLE
2018-12-24,8.300000190734863,8.319999694824219,8.119999885559082,8.119999885559082,6.992376804351807,0.134,0.0,DBO,8.5,7.204215049743652,0.861130160455706,-0.00788906956848423,-0.007764683442957221,-1.2438612552700956,0,already_split_adjusted_OHLC_no_second_adjustment,signed_cash_at_ex_open_declared_settlement_scenario,NOT_APPLICABLE,NOT_APPLICABLE,NOT_APPLICABLE,2007-01-09,2025-12-31,audit_or_summary,NIGHT/DAY,NOT_APPLICABLE
2019-12-23,10.529999732971191,10.630000114440918,10.529999732971191,10.619999885559082,9.296090126037598,0.1739999999999999,0.0,DBO,10.720000267028809,9.231316566467285,0.8753380627318351,-0.001517334991242958,-0.0014925870950609488,-0.24747896182009121,0,already_split_adjusted_OHLC_no_second_adjustment,signed_cash_at_ex_open_declared_settlement_scenario,NOT_APPLICABLE,NOT_APPLICABLE,NOT_APPLICABLE,2007-01-09,2025-12-31,audit_or_summary,NIGHT/DAY,NOT_APPLICABLE
2022-12-19,14.340000152587892,14.470000267028809,14.229999542236328,14.43000030517578,12.719829559326172,0.1,0.0,DBO,14.340000152587892,12.552348136901855,0.8814850513041084,0.0070224018917914854,0.006973500623147055,0.4890126864443012,0,already_split_adjusted_OHLC_no_second_adjustment,signed_cash_at_ex_open_declared_settlement_scenario,NOT_APPLICABLE,NOT_APPLICABLE,NOT_APPLICABLE,2007-01-09,2025-12-31,audit_or_summary,NIGHT/DAY,NOT_APPLICABLE
2023-12-18,14.619999885559082,14.770000457763672,14.329999923706056,14.380000114440918,13.244922637939451,0.639,0.0,DBO,14.869999885559082,13.107684135437012,0.9210655446823272,0.02733465490233833,0.026160054000926802,11.746009014115266,0,already_split_adjusted_OHLC_no_second_adjustment,signed_cash_at_ex_open_declared_settlement_scenario,NOT_APPLICABLE,NOT_APPLICABLE,NOT_APPLICABLE,2007-01-09,2025-12-31,audit_or_summary,NIGHT/DAY,NOT_APPLICABLE
2024-12-23,13.800000190734863,13.840000152587892,13.670000076293944,13.840000152587892,13.364214897155762,0.67,0.0,DBO,14.520000457763672,13.373871803283691,0.9656224530212042,-0.003610156290069333,-0.003443544452650049,-1.6661183741928376,0,already_split_adjusted_OHLC_no_second_adjustment,signed_cash_at_ex_open_declared_settlement_scenario,NOT_APPLICABLE,NOT_APPLICABLE,NOT_APPLICABLE,2007-01-09,2025-12-31,audit_or_summary,NIGHT/DAY,NOT_APPLICABLE
2025-12-22,12.260000228881836,12.329999923706056,12.220000267028809,12.300000190734863,12.300000190734863,0.4279999999999999,0.0,DBO,12.449999809265137,12.02199935913086,1.0,0.01979711216422686,0.01911649986047248,6.806123037543799,0,already_split_adjusted_OHLC_no_second_adjustment,signed_cash_at_ex_open_declared_settlement_scenario,NOT_APPLICABLE,NOT_APPLICABLE,NOT_APPLICABLE,2007-01-09,2025-12-31,audit_or_summary,NIGHT/DAY,NOT_APPLICABLE
2007-12-17,29.270000457763672,29.5,29.170000076293945,29.190000534057617,25.097137451171875,0.5999999999999999,0.0,DBP,30.059999465942383,25.32927894592285,0.8597854399450809,-0.0064494029024890764,-0.006320659067009515,-1.2874383547956114,0,already_split_adjusted_OHLC_no_second_adjustment,signed_cash_at_ex_open_declared_settlement_scenario,NOT_APPLICABLE,NOT_APPLICABLE,NOT_APPLICABLE,2007-01-09,2025-12-31,audit_or_summary,NIGHT/DAY,NOT_APPLICABLE
2008-12-15,27.86000061035156,28.31999969482422,27.770000457763672,28.170000076293945,24.457090377807617,0.27,0.0,DBP,27.8700008392334,23.96221923828125,0.8681963191895454,0.009420277061977789,0.009329019134873828,0.9125792710396041,0,already_split_adjusted_OHLC_no_second_adjustment,signed_cash_at_ex_open_declared_settlement_scenario,NOT_APPLICABLE,NOT_APPLICABLE,NOT_APPLICABLE,2007-01-09,2025-12-31,audit_or_summary,NIGHT/DAY,NOT_APPLICABLE
2017-12-18,37.20000076293945,37.20000076293945,37.130001068115234,37.150001525878906,32.2927360534668,0.0449999999999999,0.0,DBP,37.029998779296875,32.14930725097656,0.8692526171491942,0.00581321297848203,0.005806156919529348,0.07056058952681354,0,already_split_adjusted_OHLC_no_second_adjustment,signed_cash_at_ex_open_declared_settlement_scenario,NOT_APPLICABLE,NOT_APPLICABLE,NOT_APPLICABLE,2007-01-09,2025-12-31,audit_or_summary,NIGHT/DAY,NOT_APPLICABLE
2018-12-24,35.61000061035156,35.790000915527344,35.61000061035156,35.77000045776367,31.48898124694824,0.45,0.0,DBP,35.79999923706055,31.119243621826172,0.8803181672902031,0.007355154754500326,0.0072626083472611125,0.9254640723921348,0,already_split_adjusted_OHLC_no_second_adjustment,signed_cash_at_ex_open_declared_settlement_scenario,NOT_APPLICABLE,NOT_APPLICABLE,NOT_APPLICABLE,2007-01-09,2025-12-31,audit_or_summary,NIGHT/DAY,NOT_APPLICABLE
2019-12-23,40.439998626708984,40.72999954223633,40.439998626708984,40.720001220703125,36.312210083007805,0.525,0.0,DBP,40.939998626708984,36.04022216796875,0.8917536589990502,0.0006186026604289019,0.0006106497517976983,0.0795290863120357,0,already_split_adjusted_OHLC_no_second_adjustment,signed_cash_at_ex_open_declared_settlement_scenario,NOT_APPLICABLE,NOT_APPLICABLE,NOT_APPLICABLE,2007-01-09,2025-12-31,audit_or_summary,NIGHT/DAY,NOT_APPLICABLE
2022-12-19,46.900001525878906,46.90999984741211,46.77000045776367,46.790000915527344,41.91868209838867,0.218,0.0,DBP,47.220001220703125,42.10860824584961,0.8958897473429602,-0.002170048649245304,-0.002160095133150741,-0.09953516094562964,0,already_split_adjusted_OHLC_no_second_adjustment,signed_cash_at_ex_open_declared_settlement_scenario,NOT_APPLICABLE,NOT_APPLICABLE,NOT_APPLICABLE,2007-01-09,2025-12-31,audit_or_summary,NIGHT/DAY,NOT_APPLICABLE
2023-12-18,49.34000015258789,49.34000015258789,49.18000030517578,49.290000915527344,46.16324234008789,2.234,0.0,DBP,51.439998626708984,46.084564208984375,0.9365640390066525,0.0027233764855201237,0.0026050064046723165,1.183700808478072,0,already_split_adjusted_OHLC_no_second_adjustment,signed_cash_at_ex_open_declared_settlement_scenario,NOT_APPLICABLE,NOT_APPLICABLE,NOT_APPLICABLE,2007-01-09,2025-12-31,audit_or_summary,NIGHT/DAY,NOT_APPLICABLE
2024-12-23,60.5099983215332,60.61000061035156,60.349998474121094,60.45000076293945,59.0053825378418,2.56,0.0,DBP,63.20000076293945,59.19084548950195,0.9761022629137283,-0.0021438990759137244,-0.00205700063033043,-0.868984455832944,0,already_split_adjusted_OHLC_no_second_adjustment,signed_cash_at_ex_open_declared_settlement_scenario,NOT_APPLICABLE,NOT_APPLICABLE,NOT_APPLICABLE,2007-01-09,2025-12-31,audit_or_summary,NIGHT/DAY,NOT_APPLICABLE
2025-12-22,104.91000366210938,105.16000366210938,104.40000152587892,105.16000366210938,105.16000366210938,2.504,0.0,DBP,104.77999877929688,102.27599334716795,1.0,0.02575394507292117,0.025138432081495132,6.155129914260371,0,already_split_adjusted_OHLC_no_second_adjustment,signed_cash_at_ex_open_declared_settlement_scenario,NOT_APPLICABLE,NOT_APPLICABLE,NOT_APPLICABLE,2007-01-09,2025-12-31,audit_or_summary,NIGHT/DAY,NOT_APPLICABLE
2008-07-24,17.299999237060547,17.389999389648438,16.93000030517578,17.260000228881836,17.260000228881836,0.0,10.0,SLV,17.190000534057617,17.190000534057617,1.0,0.006398993576817835,0.006398993576817835,0.0,0,already_split_adjusted_OHLC_no_second_adjustment,signed_cash_at_ex_open_declared_settlement_scenario,NOT_APPLICABLE,NOT_APPLICABLE,NOT_APPLICABLE,2007-01-09,2025-12-31,audit_or_summary,NIGHT/DAY,NOT_APPLICABLE
2020-04-29,18.010000228881836,18.219999313354492,17.459999084472656,18.0,18.0,0.0,0.125,USO,17.040000915527344,17.040000915527344,1.0,0.05692483927454495,0.05692483927454495,0.0,0,already_split_adjusted_OHLC_no_second_adjustment,signed_cash_at_ex_open_declared_settlement_scenario,NOT_APPLICABLE,NOT_APPLICABLE,NOT_APPLICABLE,2007-01-09,2025-12-31,audit_or_summary,NIGHT/DAY,NOT_APPLICABLE
