filename,expected_relative_path,role,sha256,size_bytes,included_in_repository
DBA_daily.csv,02_FINAL_DATA/provided_prices/DBA_daily.csv,frozen_market_input,e64456f546cb5808c8c4ffcd8d06b4d9ea1204bdcabf4eaa5aeab8e92a5b0b1c,1271483,YES
DBB_daily.csv,02_FINAL_DATA/provided_prices/DBB_daily.csv,frozen_market_input,6c130ff7520c66e7361ba7e0fd6355d9d0f2d7ec4cb4bf2c22b96e57608c553d,1269134,YES
DBC_daily.csv,02_FINAL_DATA/provided_prices/DBC_daily.csv,frozen_market_input,899b76edb99b1622fe56cebb4523d4bdce0ea4031c61eb8d15dc76c1e2b6aed5,1281387,YES
DBE_daily.csv,02_FINAL_DATA/provided_prices/DBE_daily.csv,frozen_market_input,1718810ac69a99345f030281fc828f2b9c41174f7983e1f1e51e45b9d09cda72,1265727,YES
DBO_daily.csv,02_FINAL_DATA/provided_prices/DBO_daily.csv,frozen_market_input,88b582659b21c5d7ef81d8bc5c53c03a76375dd0a2618f3b0e7014a1804d6a9e,1268976,YES
DBP_daily.csv,02_FINAL_DATA/provided_prices/DBP_daily.csv,frozen_market_input,25a45650e580a08133f394e36a1fa8b1e1009a24322c7a7a6613c8246fbda67f,1269180,YES
GLD_daily.csv,02_FINAL_DATA/provided_prices/GLD_daily.csv,frozen_market_input,bce4d7c1b8f592e00bee36c90aa21cbf139a1cf0053a090944109ba20706c019,1209559,YES
SLV_daily.csv,02_FINAL_DATA/provided_prices/SLV_daily.csv,frozen_market_input,ffb2277f6d8851ba635398a2e63b812b871e1e91bfe425c4aae972e07d0ef645,1200149,YES
USO_daily.csv,02_FINAL_DATA/provided_prices/USO_daily.csv,frozen_market_input,9b7a1415cab8c2bc20dfe05ec177acee0a3ef4ae2d315e0d204b23b485976b06,1194464,YES
DBA_25_strategies_2007_2025.csv,08_OLD_VS_NEW/legacy_validation_inputs/DBA_25_strategies_2007_2025.csv,legacy_baseline_reconciliation_input,7b0dfc12652639536723f51a8e8590cdcde69faeea23644f9f4c1569fa4a0490,4307,YES
DBB_25_strategies_2007_2025.csv,08_OLD_VS_NEW/legacy_validation_inputs/DBB_25_strategies_2007_2025.csv,legacy_baseline_reconciliation_input,6c81ec7c064b56cde92223115ac9ab5b8d34976e8852bb42fbdfed64c5d137a4,4315,YES
DBC_25_strategies_2007_2025.csv,08_OLD_VS_NEW/legacy_validation_inputs/DBC_25_strategies_2007_2025.csv,legacy_baseline_reconciliation_input,6f40475d1956a3aff9c7013a848f42a4f849e20eff48a1834c594aed49b403ff,4313,YES
DBE_25_strategies_2007_2025.csv,08_OLD_VS_NEW/legacy_validation_inputs/DBE_25_strategies_2007_2025.csv,legacy_baseline_reconciliation_input,ff141e13f7edf24bd205ea6a8a9fa1f6c90951d38af0dd6e781c5514f8d836fd,4311,YES
DBO_25_strategies_2007_2025.csv,08_OLD_VS_NEW/legacy_validation_inputs/DBO_25_strategies_2007_2025.csv,legacy_baseline_reconciliation_input,45a605fd070fe8307a5f212032333d06dfd628c23822f47592c51f547a5b1c28,4313,YES
DBP_25_strategies_2007_2025.csv,08_OLD_VS_NEW/legacy_validation_inputs/DBP_25_strategies_2007_2025.csv,legacy_baseline_reconciliation_input,b457abfafddead1023660b55409385dec58b78adc3087375fdb548e2852d44bc,4303,YES
GLD_25_strategies_2007_2025.csv,08_OLD_VS_NEW/legacy_validation_inputs/GLD_25_strategies_2007_2025.csv,legacy_baseline_reconciliation_input,36670babc8674f9342e83b116f66889534237659f9d6b5f11e672e2de6dd276d,4309,YES
SLV_25_strategies_2007_2025.csv,08_OLD_VS_NEW/legacy_validation_inputs/SLV_25_strategies_2007_2025.csv,legacy_baseline_reconciliation_input,e894b074cfc6a514ab4d241e902dbc5e621b9480078532714c98ceac954c7cfb,4308,YES
USO_25_strategies_2007_2025.csv,08_OLD_VS_NEW/legacy_validation_inputs/USO_25_strategies_2007_2025.csv,legacy_baseline_reconciliation_input,ff7a8e40886fb37cdb1abcb9adc265f988733cbfa6448b5264831da98534b71d,4334,YES
