ticker,model_version,cost_bps,sample_start,sample_end,n,overnight_rule,daytime_rule,rule_order,data_path,sha256,storage_status,source_filename
DBA,ledger_adjusted_index_diagnostic,0,2007-01-09,2025-12-31,4776,PER_COLUMN_SEE_STRATEGY_CATALOG,PER_COLUMN_SEE_STRATEGY_CATALOG,NIGHT/DAY,08_OLD_VS_NEW/reference_return_panels/DBA__ledger_adjusted_index_diagnostic__0bps.parquet,bd5f5f0803f448a7598ce3f01ea3f55114cea48281852d9b4b30f22983c78613,unique_physical_file,DBA__ledger_adjusted_index_diagnostic__0bps.parquet
DBA,ledger_adjusted_index_diagnostic,1,2007-01-09,2025-12-31,4776,PER_COLUMN_SEE_STRATEGY_CATALOG,PER_COLUMN_SEE_STRATEGY_CATALOG,NIGHT/DAY,08_OLD_VS_NEW/reference_return_panels/DBA__ledger_adjusted_index_diagnostic__1bps.parquet,dd6135001d02bfe189a1c69a1a236c0ebe5e3ed29681147893946f9bad54d9ae,unique_physical_file,DBA__ledger_adjusted_index_diagnostic__1bps.parquet
DBA,ledger_adjusted_index_diagnostic,2,2007-01-09,2025-12-31,4776,PER_COLUMN_SEE_STRATEGY_CATALOG,PER_COLUMN_SEE_STRATEGY_CATALOG,NIGHT/DAY,08_OLD_VS_NEW/reference_return_panels/DBA__ledger_adjusted_index_diagnostic__2bps.parquet,64325b79e3c4abe9cf346cd48b4282fd9c45f44693628c4b59a63a651b2aec39,unique_physical_file,DBA__ledger_adjusted_index_diagnostic__2bps.parquet
DBA,ledger_split_adjusted_cash_ex_open,0,2007-01-09,2025-12-31,4776,PER_COLUMN_SEE_STRATEGY_CATALOG,PER_COLUMN_SEE_STRATEGY_CATALOG,NIGHT/DAY,02_FINAL_DATA/processed/final_strategy_daily_returns/DBA__ledger_split_adjusted_cash_ex_open__0bps.parquet,07107437353ae09eae674ed1af44cb53a6a29a957db5b672a98f4e3bd338e2f4,unique_physical_file,DBA__ledger_split_adjusted_cash_ex_open__0bps.parquet
DBA,ledger_split_adjusted_cash_ex_open,1,2007-01-09,2025-12-31,4776,PER_COLUMN_SEE_STRATEGY_CATALOG,PER_COLUMN_SEE_STRATEGY_CATALOG,NIGHT/DAY,02_FINAL_DATA/processed/final_strategy_daily_returns/DBA__ledger_split_adjusted_cash_ex_open__1bps.parquet,fad243ea68f151c78874934de9c52d3ed01c7cb5a3b740883e109058a9b47e77,unique_physical_file,DBA__ledger_split_adjusted_cash_ex_open__1bps.parquet
DBA,ledger_split_adjusted_cash_ex_open,2,2007-01-09,2025-12-31,4776,PER_COLUMN_SEE_STRATEGY_CATALOG,PER_COLUMN_SEE_STRATEGY_CATALOG,NIGHT/DAY,02_FINAL_DATA/processed/final_strategy_daily_returns/DBA__ledger_split_adjusted_cash_ex_open__2bps.parquet,f2ed7461037a00e25320ecfe6c31aa8840a940126cf132f07bed8303d0f39d9e,unique_physical_file,DBA__ledger_split_adjusted_cash_ex_open__2bps.parquet
DBA,legacy_signal_switch_cost,0,2007-01-09,2025-12-31,4776,PER_COLUMN_SEE_STRATEGY_CATALOG,PER_COLUMN_SEE_STRATEGY_CATALOG,NIGHT/DAY,08_OLD_VS_NEW/reference_return_panels/DBA__legacy_signal_switch_cost__0bps.parquet,3125cfd01b790c1d26cca982146add7094be7b75b755d62195227f85ea0184d6,unique_physical_file,DBA__legacy_signal_switch_cost__0bps.parquet
DBA,legacy_signal_switch_cost,1,2007-01-09,2025-12-31,4776,PER_COLUMN_SEE_STRATEGY_CATALOG,PER_COLUMN_SEE_STRATEGY_CATALOG,NIGHT/DAY,08_OLD_VS_NEW/reference_return_panels/DBA__legacy_signal_switch_cost__1bps.parquet,71ffc7312e30c81a6825f544c625be2a0f51d0f4748501d65f0c376c2a2cfb3c,unique_physical_file,DBA__legacy_signal_switch_cost__1bps.parquet
DBA,legacy_signal_switch_cost,2,2007-01-09,2025-12-31,4776,PER_COLUMN_SEE_STRATEGY_CATALOG,PER_COLUMN_SEE_STRATEGY_CATALOG,NIGHT/DAY,08_OLD_VS_NEW/reference_return_panels/DBA__legacy_signal_switch_cost__2bps.parquet,54c9d4e4ddab47d0089ba006738482a241df6718abccb35b4eaca8ef544d8719,unique_physical_file,DBA__legacy_signal_switch_cost__2bps.parquet
DBB,ledger_adjusted_index_diagnostic,0,2007-01-09,2025-12-31,4776,PER_COLUMN_SEE_STRATEGY_CATALOG,PER_COLUMN_SEE_STRATEGY_CATALOG,NIGHT/DAY,08_OLD_VS_NEW/reference_return_panels/DBB__ledger_adjusted_index_diagnostic__0bps.parquet,30baf258ead36bf56e9e88215c6b9da0921aaec1a1d07e6cd7d3eb3979dcb35a,unique_physical_file,DBB__ledger_adjusted_index_diagnostic__0bps.parquet
DBB,ledger_adjusted_index_diagnostic,1,2007-01-09,2025-12-31,4776,PER_COLUMN_SEE_STRATEGY_CATALOG,PER_COLUMN_SEE_STRATEGY_CATALOG,NIGHT/DAY,08_OLD_VS_NEW/reference_return_panels/DBB__ledger_adjusted_index_diagnostic__1bps.parquet,53803475ad08afdd9a30ebc6bdf1ef5f0a092d6a87b7dab15b7733b85bff8ef2,unique_physical_file,DBB__ledger_adjusted_index_diagnostic__1bps.parquet
DBB,ledger_adjusted_index_diagnostic,2,2007-01-09,2025-12-31,4776,PER_COLUMN_SEE_STRATEGY_CATALOG,PER_COLUMN_SEE_STRATEGY_CATALOG,NIGHT/DAY,08_OLD_VS_NEW/reference_return_panels/DBB__ledger_adjusted_index_diagnostic__2bps.parquet,a2f926a6562cdf00226ff0ac9c94da47121a22e5f8736b3dc9c214cd0f2584e5,unique_physical_file,DBB__ledger_adjusted_index_diagnostic__2bps.parquet
DBB,ledger_split_adjusted_cash_ex_open,0,2007-01-09,2025-12-31,4776,PER_COLUMN_SEE_STRATEGY_CATALOG,PER_COLUMN_SEE_STRATEGY_CATALOG,NIGHT/DAY,02_FINAL_DATA/processed/final_strategy_daily_returns/DBB__ledger_split_adjusted_cash_ex_open__0bps.parquet,c7235bb8d3fc67fca62d7ea4fd3d637e46526ae961f9796608fffd8ee5ae0a41,unique_physical_file,DBB__ledger_split_adjusted_cash_ex_open__0bps.parquet
DBB,ledger_split_adjusted_cash_ex_open,1,2007-01-09,2025-12-31,4776,PER_COLUMN_SEE_STRATEGY_CATALOG,PER_COLUMN_SEE_STRATEGY_CATALOG,NIGHT/DAY,02_FINAL_DATA/processed/final_strategy_daily_returns/DBB__ledger_split_adjusted_cash_ex_open__1bps.parquet,21fbd3ee0dadebcbb5c63688a8e8e866e541212219b0c218c39d8bb690ef4a47,unique_physical_file,DBB__ledger_split_adjusted_cash_ex_open__1bps.parquet
DBB,ledger_split_adjusted_cash_ex_open,2,2007-01-09,2025-12-31,4776,PER_COLUMN_SEE_STRATEGY_CATALOG,PER_COLUMN_SEE_STRATEGY_CATALOG,NIGHT/DAY,02_FINAL_DATA/processed/final_strategy_daily_returns/DBB__ledger_split_adjusted_cash_ex_open__2bps.parquet,2700893ded1ea1aa5b30aa4ba87f267c024a7bf7d9d31da0c315e95cd1a8862d,unique_physical_file,DBB__ledger_split_adjusted_cash_ex_open__2bps.parquet
DBB,legacy_signal_switch_cost,0,2007-01-09,2025-12-31,4776,PER_COLUMN_SEE_STRATEGY_CATALOG,PER_COLUMN_SEE_STRATEGY_CATALOG,NIGHT/DAY,08_OLD_VS_NEW/reference_return_panels/DBB__legacy_signal_switch_cost__0bps.parquet,aa56a5fb2aae9e1f8ac4ef562b6645c27471d7447053772968437e430316f718,unique_physical_file,DBB__legacy_signal_switch_cost__0bps.parquet
DBB,legacy_signal_switch_cost,1,2007-01-09,2025-12-31,4776,PER_COLUMN_SEE_STRATEGY_CATALOG,PER_COLUMN_SEE_STRATEGY_CATALOG,NIGHT/DAY,08_OLD_VS_NEW/reference_return_panels/DBB__legacy_signal_switch_cost__1bps.parquet,993978f4adaf61582a9ec836ca87d3afda47c12388cb697eb8345be95b0688b4,unique_physical_file,DBB__legacy_signal_switch_cost__1bps.parquet
DBB,legacy_signal_switch_cost,2,2007-01-09,2025-12-31,4776,PER_COLUMN_SEE_STRATEGY_CATALOG,PER_COLUMN_SEE_STRATEGY_CATALOG,NIGHT/DAY,08_OLD_VS_NEW/reference_return_panels/DBB__legacy_signal_switch_cost__2bps.parquet,6ea2b0fbf791013aa5207a6971e902011961e443226c3e6946fa08ad653182bf,unique_physical_file,DBB__legacy_signal_switch_cost__2bps.parquet
DBC,ledger_adjusted_index_diagnostic,0,2007-01-09,2025-12-31,4776,PER_COLUMN_SEE_STRATEGY_CATALOG,PER_COLUMN_SEE_STRATEGY_CATALOG,NIGHT/DAY,08_OLD_VS_NEW/reference_return_panels/DBC__ledger_adjusted_index_diagnostic__0bps.parquet,4c344901aae1ec7ded64a2b28075b72db658309ca7bf188ecdf158c37f5d005d,unique_physical_file,DBC__ledger_adjusted_index_diagnostic__0bps.parquet
DBC,ledger_adjusted_index_diagnostic,1,2007-01-09,2025-12-31,4776,PER_COLUMN_SEE_STRATEGY_CATALOG,PER_COLUMN_SEE_STRATEGY_CATALOG,NIGHT/DAY,08_OLD_VS_NEW/reference_return_panels/DBC__ledger_adjusted_index_diagnostic__1bps.parquet,22db817bb6688ef68e5486cf2dc5b6d10486fc7e9e60c2236b1df84b4c18aabc,unique_physical_file,DBC__ledger_adjusted_index_diagnostic__1bps.parquet
DBC,ledger_adjusted_index_diagnostic,2,2007-01-09,2025-12-31,4776,PER_COLUMN_SEE_STRATEGY_CATALOG,PER_COLUMN_SEE_STRATEGY_CATALOG,NIGHT/DAY,08_OLD_VS_NEW/reference_return_panels/DBC__ledger_adjusted_index_diagnostic__2bps.parquet,7700e1fbbe7dab5adcf6c137591b728c523c0280781cf3d40d7c4ed4822b7eed,unique_physical_file,DBC__ledger_adjusted_index_diagnostic__2bps.parquet
DBC,ledger_split_adjusted_cash_ex_open,0,2007-01-09,2025-12-31,4776,PER_COLUMN_SEE_STRATEGY_CATALOG,PER_COLUMN_SEE_STRATEGY_CATALOG,NIGHT/DAY,02_FINAL_DATA/processed/final_strategy_daily_returns/DBC__ledger_split_adjusted_cash_ex_open__0bps.parquet,a203a4396f4dac529805f2489edd292e90ab95096ea768a200dd3876db8526c8,unique_physical_file,DBC__ledger_split_adjusted_cash_ex_open__0bps.parquet
DBC,ledger_split_adjusted_cash_ex_open,1,2007-01-09,2025-12-31,4776,PER_COLUMN_SEE_STRATEGY_CATALOG,PER_COLUMN_SEE_STRATEGY_CATALOG,NIGHT/DAY,02_FINAL_DATA/processed/final_strategy_daily_returns/DBC__ledger_split_adjusted_cash_ex_open__1bps.parquet,7725df86a8a9e71dc6cab56c31e74dfdfe5024a2f05aeccf85075a40abf9be48,unique_physical_file,DBC__ledger_split_adjusted_cash_ex_open__1bps.parquet
DBC,ledger_split_adjusted_cash_ex_open,2,2007-01-09,2025-12-31,4776,PER_COLUMN_SEE_STRATEGY_CATALOG,PER_COLUMN_SEE_STRATEGY_CATALOG,NIGHT/DAY,02_FINAL_DATA/processed/final_strategy_daily_returns/DBC__ledger_split_adjusted_cash_ex_open__2bps.parquet,3769693a7283bfa6c3a67ad07b77f040ca3eb62bca3b3b0f043afbdd06bcd2f9,unique_physical_file,DBC__ledger_split_adjusted_cash_ex_open__2bps.parquet
DBC,legacy_signal_switch_cost,0,2007-01-09,2025-12-31,4776,PER_COLUMN_SEE_STRATEGY_CATALOG,PER_COLUMN_SEE_STRATEGY_CATALOG,NIGHT/DAY,08_OLD_VS_NEW/reference_return_panels/DBC__legacy_signal_switch_cost__0bps.parquet,fe1b67ee2fdb3c80b74bd09579205acfd19bf422d09f8fc38e7e0d9089b8e7f2,unique_physical_file,DBC__legacy_signal_switch_cost__0bps.parquet
DBC,legacy_signal_switch_cost,1,2007-01-09,2025-12-31,4776,PER_COLUMN_SEE_STRATEGY_CATALOG,PER_COLUMN_SEE_STRATEGY_CATALOG,NIGHT/DAY,08_OLD_VS_NEW/reference_return_panels/DBC__legacy_signal_switch_cost__1bps.parquet,47c10e4dc34c2dc4261b78a04d70c511c973b1bbc07917f8cd480e4bc620efd7,unique_physical_file,DBC__legacy_signal_switch_cost__1bps.parquet
DBC,legacy_signal_switch_cost,2,2007-01-09,2025-12-31,4776,PER_COLUMN_SEE_STRATEGY_CATALOG,PER_COLUMN_SEE_STRATEGY_CATALOG,NIGHT/DAY,08_OLD_VS_NEW/reference_return_panels/DBC__legacy_signal_switch_cost__2bps.parquet,f9d6e4957b9934f3ea3842e93454f6cc3e2354d5e5ba2607236d04b091ff3e51,unique_physical_file,DBC__legacy_signal_switch_cost__2bps.parquet
DBE,ledger_adjusted_index_diagnostic,0,2007-01-09,2025-12-31,4776,PER_COLUMN_SEE_STRATEGY_CATALOG,PER_COLUMN_SEE_STRATEGY_CATALOG,NIGHT/DAY,08_OLD_VS_NEW/reference_return_panels/DBE__ledger_adjusted_index_diagnostic__0bps.parquet,ce06b0ee256167337ae189f6b4fe0c29622af654e834282cdfb7b6b803b5755f,unique_physical_file,DBE__ledger_adjusted_index_diagnostic__0bps.parquet
DBE,ledger_adjusted_index_diagnostic,1,2007-01-09,2025-12-31,4776,PER_COLUMN_SEE_STRATEGY_CATALOG,PER_COLUMN_SEE_STRATEGY_CATALOG,NIGHT/DAY,08_OLD_VS_NEW/reference_return_panels/DBE__ledger_adjusted_index_diagnostic__1bps.parquet,a6d9f8437ec1c5add5a9922da97c6b3a61ecf2a01408deecc97d07ecdcfc5e89,unique_physical_file,DBE__ledger_adjusted_index_diagnostic__1bps.parquet
DBE,ledger_adjusted_index_diagnostic,2,2007-01-09,2025-12-31,4776,PER_COLUMN_SEE_STRATEGY_CATALOG,PER_COLUMN_SEE_STRATEGY_CATALOG,NIGHT/DAY,08_OLD_VS_NEW/reference_return_panels/DBE__ledger_adjusted_index_diagnostic__2bps.parquet,b00adeb3ba6b54d18b86ffe40cbab647abfbe1213a3872fdf278e9bb8c919041,unique_physical_file,DBE__ledger_adjusted_index_diagnostic__2bps.parquet
DBE,ledger_split_adjusted_cash_ex_open,0,2007-01-09,2025-12-31,4776,PER_COLUMN_SEE_STRATEGY_CATALOG,PER_COLUMN_SEE_STRATEGY_CATALOG,NIGHT/DAY,02_FINAL_DATA/processed/final_strategy_daily_returns/DBE__ledger_split_adjusted_cash_ex_open__0bps.parquet,58ff382454ae22a5f863d2ba0f1ff379b849acb39186f6d59a4be33109cc25d8,unique_physical_file,DBE__ledger_split_adjusted_cash_ex_open__0bps.parquet
DBE,ledger_split_adjusted_cash_ex_open,1,2007-01-09,2025-12-31,4776,PER_COLUMN_SEE_STRATEGY_CATALOG,PER_COLUMN_SEE_STRATEGY_CATALOG,NIGHT/DAY,02_FINAL_DATA/processed/final_strategy_daily_returns/DBE__ledger_split_adjusted_cash_ex_open__1bps.parquet,dfbb2ef0f3d5c812515949b230cdd9a2b3845a4147ce4959c5034cad582d5995,unique_physical_file,DBE__ledger_split_adjusted_cash_ex_open__1bps.parquet
DBE,ledger_split_adjusted_cash_ex_open,2,2007-01-09,2025-12-31,4776,PER_COLUMN_SEE_STRATEGY_CATALOG,PER_COLUMN_SEE_STRATEGY_CATALOG,NIGHT/DAY,02_FINAL_DATA/processed/final_strategy_daily_returns/DBE__ledger_split_adjusted_cash_ex_open__2bps.parquet,18b2e59caa0979808b5675a9dadb449cef32b8afc59a0848bcaccb6caf3be3f4,unique_physical_file,DBE__ledger_split_adjusted_cash_ex_open__2bps.parquet
DBE,legacy_signal_switch_cost,0,2007-01-09,2025-12-31,4776,PER_COLUMN_SEE_STRATEGY_CATALOG,PER_COLUMN_SEE_STRATEGY_CATALOG,NIGHT/DAY,08_OLD_VS_NEW/reference_return_panels/DBE__legacy_signal_switch_cost__0bps.parquet,af0ec8b9ca819f693ac80db1ddcb74636451e558041d79698f2ccb3263aa744f,unique_physical_file,DBE__legacy_signal_switch_cost__0bps.parquet
DBE,legacy_signal_switch_cost,1,2007-01-09,2025-12-31,4776,PER_COLUMN_SEE_STRATEGY_CATALOG,PER_COLUMN_SEE_STRATEGY_CATALOG,NIGHT/DAY,08_OLD_VS_NEW/reference_return_panels/DBE__legacy_signal_switch_cost__1bps.parquet,247c239058cd6f29d35bed36b4c66d158922798fd76b3ce666ae5ed9849cd20e,unique_physical_file,DBE__legacy_signal_switch_cost__1bps.parquet
DBE,legacy_signal_switch_cost,2,2007-01-09,2025-12-31,4776,PER_COLUMN_SEE_STRATEGY_CATALOG,PER_COLUMN_SEE_STRATEGY_CATALOG,NIGHT/DAY,08_OLD_VS_NEW/reference_return_panels/DBE__legacy_signal_switch_cost__2bps.parquet,a4b15fe5bc45a152f50d336a5f659b3e5647bf793f66923a58b6bf82c3e2143f,unique_physical_file,DBE__legacy_signal_switch_cost__2bps.parquet
DBO,ledger_adjusted_index_diagnostic,0,2007-01-09,2025-12-31,4776,PER_COLUMN_SEE_STRATEGY_CATALOG,PER_COLUMN_SEE_STRATEGY_CATALOG,NIGHT/DAY,08_OLD_VS_NEW/reference_return_panels/DBO__ledger_adjusted_index_diagnostic__0bps.parquet,b18b264a8ce66c7292950d6670c9382c8b36584ec9ce3a6f1a69f3da3e65084e,unique_physical_file,DBO__ledger_adjusted_index_diagnostic__0bps.parquet
DBO,ledger_adjusted_index_diagnostic,1,2007-01-09,2025-12-31,4776,PER_COLUMN_SEE_STRATEGY_CATALOG,PER_COLUMN_SEE_STRATEGY_CATALOG,NIGHT/DAY,08_OLD_VS_NEW/reference_return_panels/DBO__ledger_adjusted_index_diagnostic__1bps.parquet,645b4fb4d2fb43d0a35e5c354676b224a3e471251e36bdd270eec8faaabfe096,unique_physical_file,DBO__ledger_adjusted_index_diagnostic__1bps.parquet
DBO,ledger_adjusted_index_diagnostic,2,2007-01-09,2025-12-31,4776,PER_COLUMN_SEE_STRATEGY_CATALOG,PER_COLUMN_SEE_STRATEGY_CATALOG,NIGHT/DAY,08_OLD_VS_NEW/reference_return_panels/DBO__ledger_adjusted_index_diagnostic__2bps.parquet,d87751a204de7d1b037e462fbf1e638e146a7df51d7b745f0658a7b1477cc1da,unique_physical_file,DBO__ledger_adjusted_index_diagnostic__2bps.parquet
DBO,ledger_split_adjusted_cash_ex_open,0,2007-01-09,2025-12-31,4776,PER_COLUMN_SEE_STRATEGY_CATALOG,PER_COLUMN_SEE_STRATEGY_CATALOG,NIGHT/DAY,02_FINAL_DATA/processed/final_strategy_daily_returns/DBO__ledger_split_adjusted_cash_ex_open__0bps.parquet,1c11d13c6055619ac4f55d6073d89c0d469d35e812f3361c7388c2d3cc85104e,unique_physical_file,DBO__ledger_split_adjusted_cash_ex_open__0bps.parquet
DBO,ledger_split_adjusted_cash_ex_open,1,2007-01-09,2025-12-31,4776,PER_COLUMN_SEE_STRATEGY_CATALOG,PER_COLUMN_SEE_STRATEGY_CATALOG,NIGHT/DAY,02_FINAL_DATA/processed/final_strategy_daily_returns/DBO__ledger_split_adjusted_cash_ex_open__1bps.parquet,bb47d855a1e6982b0479fc53587a4ace5a2b16a79589606183dd045e216ad2dc,unique_physical_file,DBO__ledger_split_adjusted_cash_ex_open__1bps.parquet
DBO,ledger_split_adjusted_cash_ex_open,2,2007-01-09,2025-12-31,4776,PER_COLUMN_SEE_STRATEGY_CATALOG,PER_COLUMN_SEE_STRATEGY_CATALOG,NIGHT/DAY,02_FINAL_DATA/processed/final_strategy_daily_returns/DBO__ledger_split_adjusted_cash_ex_open__2bps.parquet,48bb2acba75db3d5ea9029cfe9316e2f6f1577f7c72528d46f0441c749dfcfad,unique_physical_file,DBO__ledger_split_adjusted_cash_ex_open__2bps.parquet
DBO,legacy_signal_switch_cost,0,2007-01-09,2025-12-31,4776,PER_COLUMN_SEE_STRATEGY_CATALOG,PER_COLUMN_SEE_STRATEGY_CATALOG,NIGHT/DAY,08_OLD_VS_NEW/reference_return_panels/DBO__legacy_signal_switch_cost__0bps.parquet,4150fcf794d7549cde76c895f4d5abb8d7c4f591291ba25b80f571cf365e1767,unique_physical_file,DBO__legacy_signal_switch_cost__0bps.parquet
DBO,legacy_signal_switch_cost,1,2007-01-09,2025-12-31,4776,PER_COLUMN_SEE_STRATEGY_CATALOG,PER_COLUMN_SEE_STRATEGY_CATALOG,NIGHT/DAY,08_OLD_VS_NEW/reference_return_panels/DBO__legacy_signal_switch_cost__1bps.parquet,d52d912e1f0e3c138aca2428cff3ad1181a2258b0072552e646557653c3a97c5,unique_physical_file,DBO__legacy_signal_switch_cost__1bps.parquet
DBO,legacy_signal_switch_cost,2,2007-01-09,2025-12-31,4776,PER_COLUMN_SEE_STRATEGY_CATALOG,PER_COLUMN_SEE_STRATEGY_CATALOG,NIGHT/DAY,08_OLD_VS_NEW/reference_return_panels/DBO__legacy_signal_switch_cost__2bps.parquet,dc10d822b8863b5550fa9b066120ba1d19713fa6e51816acbb8ba3091ce694d5,unique_physical_file,DBO__legacy_signal_switch_cost__2bps.parquet
DBP,ledger_adjusted_index_diagnostic,0,2007-01-09,2025-12-31,4776,PER_COLUMN_SEE_STRATEGY_CATALOG,PER_COLUMN_SEE_STRATEGY_CATALOG,NIGHT/DAY,08_OLD_VS_NEW/reference_return_panels/DBP__ledger_adjusted_index_diagnostic__0bps.parquet,55ce7ee91375e87f4ef628fc74613c8db453c8c856c2ffa62c8114c9446c4c7d,unique_physical_file,DBP__ledger_adjusted_index_diagnostic__0bps.parquet
DBP,ledger_adjusted_index_diagnostic,1,2007-01-09,2025-12-31,4776,PER_COLUMN_SEE_STRATEGY_CATALOG,PER_COLUMN_SEE_STRATEGY_CATALOG,NIGHT/DAY,08_OLD_VS_NEW/reference_return_panels/DBP__ledger_adjusted_index_diagnostic__1bps.parquet,e55d5b7a978928ad88680c53b6e54bbc2b389ba14ec08a0c236e259046ab1b30,unique_physical_file,DBP__ledger_adjusted_index_diagnostic__1bps.parquet
DBP,ledger_adjusted_index_diagnostic,2,2007-01-09,2025-12-31,4776,PER_COLUMN_SEE_STRATEGY_CATALOG,PER_COLUMN_SEE_STRATEGY_CATALOG,NIGHT/DAY,08_OLD_VS_NEW/reference_return_panels/DBP__ledger_adjusted_index_diagnostic__2bps.parquet,b59ddc515df36fa0fcc9259cc748694a4ca405ca5db33bbb8050af0af939be4f,unique_physical_file,DBP__ledger_adjusted_index_diagnostic__2bps.parquet
DBP,ledger_split_adjusted_cash_ex_open,0,2007-01-09,2025-12-31,4776,PER_COLUMN_SEE_STRATEGY_CATALOG,PER_COLUMN_SEE_STRATEGY_CATALOG,NIGHT/DAY,02_FINAL_DATA/processed/final_strategy_daily_returns/DBP__ledger_split_adjusted_cash_ex_open__0bps.parquet,6732db35fe8b3cec52f33db59841ddb74c9447507027a454dd364e39f7d15281,unique_physical_file,DBP__ledger_split_adjusted_cash_ex_open__0bps.parquet
DBP,ledger_split_adjusted_cash_ex_open,1,2007-01-09,2025-12-31,4776,PER_COLUMN_SEE_STRATEGY_CATALOG,PER_COLUMN_SEE_STRATEGY_CATALOG,NIGHT/DAY,02_FINAL_DATA/processed/final_strategy_daily_returns/DBP__ledger_split_adjusted_cash_ex_open__1bps.parquet,de0dfade3c4ab2f1133ea8f798b6b82c139a440ab68e539bfb810de559c6d4e0,unique_physical_file,DBP__ledger_split_adjusted_cash_ex_open__1bps.parquet
DBP,ledger_split_adjusted_cash_ex_open,2,2007-01-09,2025-12-31,4776,PER_COLUMN_SEE_STRATEGY_CATALOG,PER_COLUMN_SEE_STRATEGY_CATALOG,NIGHT/DAY,02_FINAL_DATA/processed/final_strategy_daily_returns/DBP__ledger_split_adjusted_cash_ex_open__2bps.parquet,684e107e37e0a16c5694e53af2790cf838ee02ef94d4ee38c0577075eef118ae,unique_physical_file,DBP__ledger_split_adjusted_cash_ex_open__2bps.parquet
DBP,legacy_signal_switch_cost,0,2007-01-09,2025-12-31,4776,PER_COLUMN_SEE_STRATEGY_CATALOG,PER_COLUMN_SEE_STRATEGY_CATALOG,NIGHT/DAY,08_OLD_VS_NEW/reference_return_panels/DBP__legacy_signal_switch_cost__0bps.parquet,94230ec50c1c04862e61031727ea397da2b6fb895121e9760f2b6c6254b4b3b7,unique_physical_file,DBP__legacy_signal_switch_cost__0bps.parquet
DBP,legacy_signal_switch_cost,1,2007-01-09,2025-12-31,4776,PER_COLUMN_SEE_STRATEGY_CATALOG,PER_COLUMN_SEE_STRATEGY_CATALOG,NIGHT/DAY,08_OLD_VS_NEW/reference_return_panels/DBP__legacy_signal_switch_cost__1bps.parquet,e3aa40143f0d1569ea8ec2308405aeffa988011365dbe372e079a6e57069b8e6,unique_physical_file,DBP__legacy_signal_switch_cost__1bps.parquet
DBP,legacy_signal_switch_cost,2,2007-01-09,2025-12-31,4776,PER_COLUMN_SEE_STRATEGY_CATALOG,PER_COLUMN_SEE_STRATEGY_CATALOG,NIGHT/DAY,08_OLD_VS_NEW/reference_return_panels/DBP__legacy_signal_switch_cost__2bps.parquet,80f724df66f7749460064fa37fad14f376d600e4114d652344716205957320d2,unique_physical_file,DBP__legacy_signal_switch_cost__2bps.parquet
GLD,ledger_adjusted_index_diagnostic,0,2007-01-09,2025-12-31,4776,PER_COLUMN_SEE_STRATEGY_CATALOG,PER_COLUMN_SEE_STRATEGY_CATALOG,NIGHT/DAY,02_FINAL_DATA/processed/final_strategy_daily_returns/GLD__ledger_split_adjusted_cash_ex_open__0bps.parquet,baf58644deaaa79532fec522988330dfd15c0538aa035c646df6e2b873ceab81,byte_identical_alias_of_final_panel,GLD__ledger_adjusted_index_diagnostic__0bps.parquet
GLD,ledger_adjusted_index_diagnostic,1,2007-01-09,2025-12-31,4776,PER_COLUMN_SEE_STRATEGY_CATALOG,PER_COLUMN_SEE_STRATEGY_CATALOG,NIGHT/DAY,02_FINAL_DATA/processed/final_strategy_daily_returns/GLD__ledger_split_adjusted_cash_ex_open__1bps.parquet,98a4caf61abefbb5a84b1706e90451f4e72d204f959a5b5ee9aa4a1f0c6306a4,byte_identical_alias_of_final_panel,GLD__ledger_adjusted_index_diagnostic__1bps.parquet
GLD,ledger_adjusted_index_diagnostic,2,2007-01-09,2025-12-31,4776,PER_COLUMN_SEE_STRATEGY_CATALOG,PER_COLUMN_SEE_STRATEGY_CATALOG,NIGHT/DAY,02_FINAL_DATA/processed/final_strategy_daily_returns/GLD__ledger_split_adjusted_cash_ex_open__2bps.parquet,e371a360d955cf8023b451b652e1a100529a4ee32f16ce5fd4b549cbc6f268ba,byte_identical_alias_of_final_panel,GLD__ledger_adjusted_index_diagnostic__2bps.parquet
GLD,ledger_split_adjusted_cash_ex_open,0,2007-01-09,2025-12-31,4776,PER_COLUMN_SEE_STRATEGY_CATALOG,PER_COLUMN_SEE_STRATEGY_CATALOG,NIGHT/DAY,02_FINAL_DATA/processed/final_strategy_daily_returns/GLD__ledger_split_adjusted_cash_ex_open__0bps.parquet,baf58644deaaa79532fec522988330dfd15c0538aa035c646df6e2b873ceab81,unique_physical_file,GLD__ledger_split_adjusted_cash_ex_open__0bps.parquet
GLD,ledger_split_adjusted_cash_ex_open,1,2007-01-09,2025-12-31,4776,PER_COLUMN_SEE_STRATEGY_CATALOG,PER_COLUMN_SEE_STRATEGY_CATALOG,NIGHT/DAY,02_FINAL_DATA/processed/final_strategy_daily_returns/GLD__ledger_split_adjusted_cash_ex_open__1bps.parquet,98a4caf61abefbb5a84b1706e90451f4e72d204f959a5b5ee9aa4a1f0c6306a4,unique_physical_file,GLD__ledger_split_adjusted_cash_ex_open__1bps.parquet
GLD,ledger_split_adjusted_cash_ex_open,2,2007-01-09,2025-12-31,4776,PER_COLUMN_SEE_STRATEGY_CATALOG,PER_COLUMN_SEE_STRATEGY_CATALOG,NIGHT/DAY,02_FINAL_DATA/processed/final_strategy_daily_returns/GLD__ledger_split_adjusted_cash_ex_open__2bps.parquet,e371a360d955cf8023b451b652e1a100529a4ee32f16ce5fd4b549cbc6f268ba,unique_physical_file,GLD__ledger_split_adjusted_cash_ex_open__2bps.parquet
GLD,legacy_signal_switch_cost,0,2007-01-09,2025-12-31,4776,PER_COLUMN_SEE_STRATEGY_CATALOG,PER_COLUMN_SEE_STRATEGY_CATALOG,NIGHT/DAY,08_OLD_VS_NEW/reference_return_panels/GLD__legacy_signal_switch_cost__0bps.parquet,4f0e0bceb575178b4705e46574492fa7c505fa16fa3d89682b3e482725825421,unique_physical_file,GLD__legacy_signal_switch_cost__0bps.parquet
GLD,legacy_signal_switch_cost,1,2007-01-09,2025-12-31,4776,PER_COLUMN_SEE_STRATEGY_CATALOG,PER_COLUMN_SEE_STRATEGY_CATALOG,NIGHT/DAY,08_OLD_VS_NEW/reference_return_panels/GLD__legacy_signal_switch_cost__1bps.parquet,fce42a8cb738cb26b448614e7716aeba0bb5bc945bf53eb625a6f8d1ea3c5ad5,unique_physical_file,GLD__legacy_signal_switch_cost__1bps.parquet
GLD,legacy_signal_switch_cost,2,2007-01-09,2025-12-31,4776,PER_COLUMN_SEE_STRATEGY_CATALOG,PER_COLUMN_SEE_STRATEGY_CATALOG,NIGHT/DAY,08_OLD_VS_NEW/reference_return_panels/GLD__legacy_signal_switch_cost__2bps.parquet,740437b552b6098d5c4b1a6c76f4c40bc27977eb5240ae632d177c21f4f0652e,unique_physical_file,GLD__legacy_signal_switch_cost__2bps.parquet
SLV,ledger_adjusted_index_diagnostic,0,2007-01-09,2025-12-31,4776,PER_COLUMN_SEE_STRATEGY_CATALOG,PER_COLUMN_SEE_STRATEGY_CATALOG,NIGHT/DAY,02_FINAL_DATA/processed/final_strategy_daily_returns/SLV__ledger_split_adjusted_cash_ex_open__0bps.parquet,5eabe824817063f445f6d1fa98d15a24e101e0d39213e313a42786d651795800,byte_identical_alias_of_final_panel,SLV__ledger_adjusted_index_diagnostic__0bps.parquet
SLV,ledger_adjusted_index_diagnostic,1,2007-01-09,2025-12-31,4776,PER_COLUMN_SEE_STRATEGY_CATALOG,PER_COLUMN_SEE_STRATEGY_CATALOG,NIGHT/DAY,02_FINAL_DATA/processed/final_strategy_daily_returns/SLV__ledger_split_adjusted_cash_ex_open__1bps.parquet,33d5baefef7e92f26650ed13463d7e49538c5e637748efc85906a9edf52d5b5b,byte_identical_alias_of_final_panel,SLV__ledger_adjusted_index_diagnostic__1bps.parquet
SLV,ledger_adjusted_index_diagnostic,2,2007-01-09,2025-12-31,4776,PER_COLUMN_SEE_STRATEGY_CATALOG,PER_COLUMN_SEE_STRATEGY_CATALOG,NIGHT/DAY,02_FINAL_DATA/processed/final_strategy_daily_returns/SLV__ledger_split_adjusted_cash_ex_open__2bps.parquet,d3be4fabd0e63f116e1174df782374a11689861890e39e516ca8ce4119909f9d,byte_identical_alias_of_final_panel,SLV__ledger_adjusted_index_diagnostic__2bps.parquet
SLV,ledger_split_adjusted_cash_ex_open,0,2007-01-09,2025-12-31,4776,PER_COLUMN_SEE_STRATEGY_CATALOG,PER_COLUMN_SEE_STRATEGY_CATALOG,NIGHT/DAY,02_FINAL_DATA/processed/final_strategy_daily_returns/SLV__ledger_split_adjusted_cash_ex_open__0bps.parquet,5eabe824817063f445f6d1fa98d15a24e101e0d39213e313a42786d651795800,unique_physical_file,SLV__ledger_split_adjusted_cash_ex_open__0bps.parquet
SLV,ledger_split_adjusted_cash_ex_open,1,2007-01-09,2025-12-31,4776,PER_COLUMN_SEE_STRATEGY_CATALOG,PER_COLUMN_SEE_STRATEGY_CATALOG,NIGHT/DAY,02_FINAL_DATA/processed/final_strategy_daily_returns/SLV__ledger_split_adjusted_cash_ex_open__1bps.parquet,33d5baefef7e92f26650ed13463d7e49538c5e637748efc85906a9edf52d5b5b,unique_physical_file,SLV__ledger_split_adjusted_cash_ex_open__1bps.parquet
SLV,ledger_split_adjusted_cash_ex_open,2,2007-01-09,2025-12-31,4776,PER_COLUMN_SEE_STRATEGY_CATALOG,PER_COLUMN_SEE_STRATEGY_CATALOG,NIGHT/DAY,02_FINAL_DATA/processed/final_strategy_daily_returns/SLV__ledger_split_adjusted_cash_ex_open__2bps.parquet,d3be4fabd0e63f116e1174df782374a11689861890e39e516ca8ce4119909f9d,unique_physical_file,SLV__ledger_split_adjusted_cash_ex_open__2bps.parquet
SLV,legacy_signal_switch_cost,0,2007-01-09,2025-12-31,4776,PER_COLUMN_SEE_STRATEGY_CATALOG,PER_COLUMN_SEE_STRATEGY_CATALOG,NIGHT/DAY,08_OLD_VS_NEW/reference_return_panels/SLV__legacy_signal_switch_cost__0bps.parquet,9b520723909483cd7d0e1855403d7b1901800087b2665d28f954c1c33101389b,unique_physical_file,SLV__legacy_signal_switch_cost__0bps.parquet
SLV,legacy_signal_switch_cost,1,2007-01-09,2025-12-31,4776,PER_COLUMN_SEE_STRATEGY_CATALOG,PER_COLUMN_SEE_STRATEGY_CATALOG,NIGHT/DAY,08_OLD_VS_NEW/reference_return_panels/SLV__legacy_signal_switch_cost__1bps.parquet,f7eefd20d707c3f4f969e6414a22a2fca290dcfe028a8978647d60788ee4afde,unique_physical_file,SLV__legacy_signal_switch_cost__1bps.parquet
SLV,legacy_signal_switch_cost,2,2007-01-09,2025-12-31,4776,PER_COLUMN_SEE_STRATEGY_CATALOG,PER_COLUMN_SEE_STRATEGY_CATALOG,NIGHT/DAY,08_OLD_VS_NEW/reference_return_panels/SLV__legacy_signal_switch_cost__2bps.parquet,bb7e7f60497044abffa331a2f401a82a01dca4c52f50761760d13442799ded8d,unique_physical_file,SLV__legacy_signal_switch_cost__2bps.parquet
USO,ledger_adjusted_index_diagnostic,0,2007-01-09,2025-12-31,4776,PER_COLUMN_SEE_STRATEGY_CATALOG,PER_COLUMN_SEE_STRATEGY_CATALOG,NIGHT/DAY,02_FINAL_DATA/processed/final_strategy_daily_returns/USO__ledger_split_adjusted_cash_ex_open__0bps.parquet,921250b6abe872078c590ee9c80ba10883fd40f63d715600d449e696b06c93de,byte_identical_alias_of_final_panel,USO__ledger_adjusted_index_diagnostic__0bps.parquet
USO,ledger_adjusted_index_diagnostic,1,2007-01-09,2025-12-31,4776,PER_COLUMN_SEE_STRATEGY_CATALOG,PER_COLUMN_SEE_STRATEGY_CATALOG,NIGHT/DAY,02_FINAL_DATA/processed/final_strategy_daily_returns/USO__ledger_split_adjusted_cash_ex_open__1bps.parquet,67bd49fab1ef6b4365a5b5684dc092c4c8506dab4027fbf76c92827b1a17ca6c,byte_identical_alias_of_final_panel,USO__ledger_adjusted_index_diagnostic__1bps.parquet
USO,ledger_adjusted_index_diagnostic,2,2007-01-09,2025-12-31,4776,PER_COLUMN_SEE_STRATEGY_CATALOG,PER_COLUMN_SEE_STRATEGY_CATALOG,NIGHT/DAY,02_FINAL_DATA/processed/final_strategy_daily_returns/USO__ledger_split_adjusted_cash_ex_open__2bps.parquet,531b853abdf429361d5b35c3ed36b7624535c09c1f64e033232801b751c0f42d,byte_identical_alias_of_final_panel,USO__ledger_adjusted_index_diagnostic__2bps.parquet
USO,ledger_split_adjusted_cash_ex_open,0,2007-01-09,2025-12-31,4776,PER_COLUMN_SEE_STRATEGY_CATALOG,PER_COLUMN_SEE_STRATEGY_CATALOG,NIGHT/DAY,02_FINAL_DATA/processed/final_strategy_daily_returns/USO__ledger_split_adjusted_cash_ex_open__0bps.parquet,921250b6abe872078c590ee9c80ba10883fd40f63d715600d449e696b06c93de,unique_physical_file,USO__ledger_split_adjusted_cash_ex_open__0bps.parquet
USO,ledger_split_adjusted_cash_ex_open,1,2007-01-09,2025-12-31,4776,PER_COLUMN_SEE_STRATEGY_CATALOG,PER_COLUMN_SEE_STRATEGY_CATALOG,NIGHT/DAY,02_FINAL_DATA/processed/final_strategy_daily_returns/USO__ledger_split_adjusted_cash_ex_open__1bps.parquet,67bd49fab1ef6b4365a5b5684dc092c4c8506dab4027fbf76c92827b1a17ca6c,unique_physical_file,USO__ledger_split_adjusted_cash_ex_open__1bps.parquet
USO,ledger_split_adjusted_cash_ex_open,2,2007-01-09,2025-12-31,4776,PER_COLUMN_SEE_STRATEGY_CATALOG,PER_COLUMN_SEE_STRATEGY_CATALOG,NIGHT/DAY,02_FINAL_DATA/processed/final_strategy_daily_returns/USO__ledger_split_adjusted_cash_ex_open__2bps.parquet,531b853abdf429361d5b35c3ed36b7624535c09c1f64e033232801b751c0f42d,unique_physical_file,USO__ledger_split_adjusted_cash_ex_open__2bps.parquet
USO,legacy_signal_switch_cost,0,2007-01-09,2025-12-31,4776,PER_COLUMN_SEE_STRATEGY_CATALOG,PER_COLUMN_SEE_STRATEGY_CATALOG,NIGHT/DAY,08_OLD_VS_NEW/reference_return_panels/USO__legacy_signal_switch_cost__0bps.parquet,e536623859e39079798eb897dcb5bed8f6fcf086278e5031cb07a072d1fefa5f,unique_physical_file,USO__legacy_signal_switch_cost__0bps.parquet
USO,legacy_signal_switch_cost,1,2007-01-09,2025-12-31,4776,PER_COLUMN_SEE_STRATEGY_CATALOG,PER_COLUMN_SEE_STRATEGY_CATALOG,NIGHT/DAY,08_OLD_VS_NEW/reference_return_panels/USO__legacy_signal_switch_cost__1bps.parquet,f8b14ea863327ea4d7305e5718ac0bb155494f1c4dce966261891e4eb5f3660a,unique_physical_file,USO__legacy_signal_switch_cost__1bps.parquet
USO,legacy_signal_switch_cost,2,2007-01-09,2025-12-31,4776,PER_COLUMN_SEE_STRATEGY_CATALOG,PER_COLUMN_SEE_STRATEGY_CATALOG,NIGHT/DAY,08_OLD_VS_NEW/reference_return_panels/USO__legacy_signal_switch_cost__2bps.parquet,4baec39ba4c5c0b849d96d01c6ab272c2c2776e0664cdb6c42226b4bac470cb4,unique_physical_file,USO__legacy_signal_switch_cost__2bps.parquet
